posId,entityId,fromNode,toNode,componentType,componentName,lineId,branchName,branchPath,sourceRecordName,nominalBoreMm,nps,schedule,outsideDiameterMm,wallThicknessMm,metalMassPerLengthKgM,dimensionResolutionKind,dimensionDefaultUsageId,dimensionVerificationStatus,topologyWallThicknessMm,masterWallThicknessMm,topologyWallUsedForCalculation,materialFamilyDefaultUsageId,elasticModulusDefaultUsageId,poissonsRatioDefaultUsageId,densityDefaultUsageId,thermalExpansionDefaultUsageId,corrosionAllowanceDefaultUsageId,codeStressWallRuleDefaultUsageId,semanticIdentity
POS-001,PE-000001,10010,10030,ELBO,ELBO =1006649732/51228,"/ASIM-1885-6""-S8811951-91261M7-HC-01","/ASIM-1885-6""-S8811951-91261M7-HC-01/B2","/ASIM-1885-6""-S8811951-91261M7-HC-01/B2",ELBO =1006649732/51228,150,6,80,168.27499999999998,10.9728,42.566877097975556,SOURCE_EXPLICIT,,SCHEDULE_MASTER_SELECTED_TOPOLOGY_WALL_DIFFERS,7.11,10.9728,false,DEFAULT-USAGE-000001,DEFAULT-USAGE-000002,DEFAULT-USAGE-000003,,DEFAULT-USAGE-000004,,DEFAULT-USAGE-000005,fnv1a64:51c47d78e1eeca63
POS-002,PE-000002,10030,10040,ELBO,ELBO =1006649732/51228,"/ASIM-1885-6""-S8811951-91261M7-HC-01","/ASIM-1885-6""-S8811951-91261M7-HC-01/B2","/ASIM-1885-6""-S8811951-91261M7-HC-01/B2",ELBO =1006649732/51228,150,6,80,168.27499999999998,10.9728,42.566877097975556,SOURCE_EXPLICIT,,SCHEDULE_MASTER_SELECTED_TOPOLOGY_WALL_DIFFERS,7.11,10.9728,false,DEFAULT-USAGE-000006,DEFAULT-USAGE-000007,DEFAULT-USAGE-000008,,DEFAULT-USAGE-000009,,DEFAULT-USAGE-000010,fnv1a64:89b6e3770cb4d9e0
POS-003,PE-000003,10040,10050,PIPE,"PIPE AUTO /ASIM-1885-6""-S8811951-91261M7-HC-01/B2 1","/ASIM-1885-6""-S8811951-91261M7-HC-01","/ASIM-1885-6""-S8811951-91261M7-HC-01/B2","/ASIM-1885-6""-S8811951-91261M7-HC-01/B2","PIPE AUTO /ASIM-1885-6""-S8811951-91261M7-HC-01/B2 1",150,6,80,168.27499999999998,10.9728,42.566877097975556,SOURCE_EXPLICIT,,SCHEDULE_MASTER_SELECTED_TOPOLOGY_WALL_DIFFERS,7.11,10.9728,false,DEFAULT-USAGE-000011,DEFAULT-USAGE-000012,DEFAULT-USAGE-000013,,DEFAULT-USAGE-000014,,DEFAULT-USAGE-000015,fnv1a64:afc1972dea09562f
POS-004,PE-000004,10050,10060,PIPE,"PIPE AUTO /ASIM-1885-6""-S8811951-91261M7-HC-01/B2 2","/ASIM-1885-6""-S8811951-91261M7-HC-01","/ASIM-1885-6""-S8811951-91261M7-HC-01/B2","/ASIM-1885-6""-S8811951-91261M7-HC-01/B2","PIPE AUTO /ASIM-1885-6""-S8811951-91261M7-HC-01/B2 2",150,6,80,168.27499999999998,10.9728,42.566877097975556,SOURCE_EXPLICIT,,SCHEDULE_MASTER_SELECTED_TOPOLOGY_WALL_DIFFERS,7.11,10.9728,false,DEFAULT-USAGE-000016,DEFAULT-USAGE-000017,DEFAULT-USAGE-000018,,DEFAULT-USAGE-000019,,DEFAULT-USAGE-000020,fnv1a64:c50e21c64d501e33
POS-005,PE-000005,10060,10070,PIPE,"PIPE AUTO /ASIM-1885-6""-S8811951-91261M7-HC-01/B2 3","/ASIM-1885-6""-S8811951-91261M7-HC-01","/ASIM-1885-6""-S8811951-91261M7-HC-01/B2","/ASIM-1885-6""-S8811951-91261M7-HC-01/B2","PIPE AUTO /ASIM-1885-6""-S8811951-91261M7-HC-01/B2 3",150,6,80,168.27499999999998,10.9728,42.566877097975556,SOURCE_EXPLICIT,,SCHEDULE_MASTER_SELECTED_TOPOLOGY_WALL_DIFFERS,7.11,10.9728,false,DEFAULT-USAGE-000021,DEFAULT-USAGE-000022,DEFAULT-USAGE-000023,,DEFAULT-USAGE-000024,,DEFAULT-USAGE-000025,fnv1a64:4ecc65b98040b655
POS-006,PE-000006,10070,10080,FLAN,FLAN =1006649732/51234,"/ASIM-1885-6""-S8811951-91261M7-HC-01","/ASIM-1885-6""-S8811951-91261M7-HC-01/B2","/ASIM-1885-6""-S8811951-91261M7-HC-01/B2",FLAN =1006649732/51234,150,6,80,168.27499999999998,10.9728,42.566877097975556,SOURCE_EXPLICIT,,SCHEDULE_MASTER_SELECTED_TOPOLOGY_WALL_DIFFERS,7.11,10.9728,false,DEFAULT-USAGE-000026,DEFAULT-USAGE-000027,DEFAULT-USAGE-000028,,DEFAULT-USAGE-000029,,DEFAULT-USAGE-000030,fnv1a64:7574cf83946904fa
POS-007,PE-000007,10080,10090,GASK,GASK =1006649732/51235,"/ASIM-1885-6""-S8811951-91261M7-HC-01","/ASIM-1885-6""-S8811951-91261M7-HC-01/B2","/ASIM-1885-6""-S8811951-91261M7-HC-01/B2",GASK =1006649732/51235,150,6,80,168.27499999999998,10.9728,42.566877097975556,SOURCE_EXPLICIT,,SCHEDULE_MASTER_SELECTED_TOPOLOGY_WALL_DIFFERS,7.11,10.9728,false,DEFAULT-USAGE-000031,DEFAULT-USAGE-000032,DEFAULT-USAGE-000033,,DEFAULT-USAGE-000034,,DEFAULT-USAGE-000035,fnv1a64:1fd7111b180aef7f
POS-008,PE-000008,10090,10100,VALV,VALV /88-VGT-25050,"/ASIM-1885-6""-S8811951-91261M7-HC-01","/ASIM-1885-6""-S8811951-91261M7-HC-01/B2","/ASIM-1885-6""-S8811951-91261M7-HC-01/B2",VALV /88-VGT-25050,150,6,80,168.27499999999998,10.9728,42.566877097975556,SOURCE_EXPLICIT,,SCHEDULE_MASTER_SELECTED_TOPOLOGY_WALL_DIFFERS,7.11,10.9728,false,DEFAULT-USAGE-000036,DEFAULT-USAGE-000037,DEFAULT-USAGE-000038,,DEFAULT-USAGE-000039,,DEFAULT-USAGE-000040,fnv1a64:ada06138f45ca92a
POS-009,PE-000009,10100,10110,GASK,GASK =1006649732/51237,"/ASIM-1885-6""-S8811951-91261M7-HC-01","/ASIM-1885-6""-S8811951-91261M7-HC-01/B2","/ASIM-1885-6""-S8811951-91261M7-HC-01/B2",GASK =1006649732/51237,150,6,80,168.27499999999998,10.9728,42.566877097975556,SOURCE_EXPLICIT,,SCHEDULE_MASTER_SELECTED_TOPOLOGY_WALL_DIFFERS,7.11,10.9728,false,DEFAULT-USAGE-000041,DEFAULT-USAGE-000042,DEFAULT-USAGE-000043,,DEFAULT-USAGE-000044,,DEFAULT-USAGE-000045,fnv1a64:2ba08a84c074cf1a
POS-010,PE-000010,10110,10120,FLAN,FLAN =1006649732/51238,"/ASIM-1885-6""-S8811951-91261M7-HC-01","/ASIM-1885-6""-S8811951-91261M7-HC-01/B2","/ASIM-1885-6""-S8811951-91261M7-HC-01/B2",FLAN =1006649732/51238,150,6,80,168.27499999999998,10.9728,42.566877097975556,SOURCE_EXPLICIT,,SCHEDULE_MASTER_SELECTED_TOPOLOGY_WALL_DIFFERS,7.11,10.9728,false,DEFAULT-USAGE-000046,DEFAULT-USAGE-000047,DEFAULT-USAGE-000048,,DEFAULT-USAGE-000049,,DEFAULT-USAGE-000050,fnv1a64:5eb3db743bd91c29
POS-011,PE-000011,10120,10130,PIPE,"PIPE AUTO /ASIM-1885-6""-S8811951-91261M7-HC-01/B2 4","/ASIM-1885-6""-S8811951-91261M7-HC-01","/ASIM-1885-6""-S8811951-91261M7-HC-01/B2","/ASIM-1885-6""-S8811951-91261M7-HC-01/B2","PIPE AUTO /ASIM-1885-6""-S8811951-91261M7-HC-01/B2 4",150,6,80,168.27499999999998,10.9728,42.566877097975556,SOURCE_EXPLICIT,,SCHEDULE_MASTER_SELECTED_TOPOLOGY_WALL_DIFFERS,7.11,10.9728,false,DEFAULT-USAGE-000051,DEFAULT-USAGE-000052,DEFAULT-USAGE-000053,,DEFAULT-USAGE-000054,,DEFAULT-USAGE-000055,fnv1a64:1b076eae34951626
POS-012,PE-000012,10130,10140,PIPE,"PIPE AUTO /ASIM-1885-6""-S8811951-91261M7-HC-01/B2 5","/ASIM-1885-6""-S8811951-91261M7-HC-01","/ASIM-1885-6""-S8811951-91261M7-HC-01/B2","/ASIM-1885-6""-S8811951-91261M7-HC-01/B2","PIPE AUTO /ASIM-1885-6""-S8811951-91261M7-HC-01/B2 5",150,6,80,168.27499999999998,10.9728,42.566877097975556,SOURCE_EXPLICIT,,SCHEDULE_MASTER_SELECTED_TOPOLOGY_WALL_DIFFERS,7.11,10.9728,false,DEFAULT-USAGE-000056,DEFAULT-USAGE-000057,DEFAULT-USAGE-000058,,DEFAULT-USAGE-000059,,DEFAULT-USAGE-000060,fnv1a64:3501057ebb1dea2d
POS-013,PE-000013,10140,10160,PIPE,"PIPE AUTO /ASIM-1885-6""-S8811951-91261M7-HC-01/B2 6","/ASIM-1885-6""-S8811951-91261M7-HC-01","/ASIM-1885-6""-S8811951-91261M7-HC-01/B2","/ASIM-1885-6""-S8811951-91261M7-HC-01/B2","PIPE AUTO /ASIM-1885-6""-S8811951-91261M7-HC-01/B2 6",150,6,80,168.27499999999998,10.9728,42.566877097975556,SOURCE_EXPLICIT,,SCHEDULE_MASTER_SELECTED_TOPOLOGY_WALL_DIFFERS,7.11,10.9728,false,DEFAULT-USAGE-000061,DEFAULT-USAGE-000062,DEFAULT-USAGE-000063,,DEFAULT-USAGE-000064,,DEFAULT-USAGE-000065,fnv1a64:142ff2581479a0a7
POS-014,PE-000014,10160,10150,PIPE,"PIPE AUTO /ASIM-1885-6""-S8811951-91261M7-HC-01/B2 6","/ASIM-1885-6""-S8811951-91261M7-HC-01","/ASIM-1885-6""-S8811951-91261M7-HC-01/B2","/ASIM-1885-6""-S8811951-91261M7-HC-01/B2","PIPE AUTO /ASIM-1885-6""-S8811951-91261M7-HC-01/B2 6",150,6,80,168.27499999999998,10.9728,42.566877097975556,SOURCE_EXPLICIT,,SCHEDULE_MASTER_SELECTED_TOPOLOGY_WALL_DIFFERS,7.11,10.9728,false,DEFAULT-USAGE-000066,DEFAULT-USAGE-000067,DEFAULT-USAGE-000068,,DEFAULT-USAGE-000069,,DEFAULT-USAGE-000070,fnv1a64:8d64d16a3935bd0a
POS-015,PE-000015,10150,10170,FLAN,FLAN =1006649732/51248,"/ASIM-1885-6""-S8811951-91261M7-HC-01","/ASIM-1885-6""-S8811951-91261M7-HC-01/B2","/ASIM-1885-6""-S8811951-91261M7-HC-01/B2",FLAN =1006649732/51248,150,6,80,168.27499999999998,10.9728,42.566877097975556,SOURCE_EXPLICIT,,SCHEDULE_MASTER_SELECTED_TOPOLOGY_WALL_DIFFERS,7.11,10.9728,false,DEFAULT-USAGE-000071,DEFAULT-USAGE-000072,DEFAULT-USAGE-000073,,DEFAULT-USAGE-000074,,DEFAULT-USAGE-000075,fnv1a64:dbce436e13b16352
POS-016,PE-000016,10170,10180,GASK,GASK =1006649732/51249,"/ASIM-1885-6""-S8811951-91261M7-HC-01","/ASIM-1885-6""-S8811951-91261M7-HC-01/B2","/ASIM-1885-6""-S8811951-91261M7-HC-01/B2",GASK =1006649732/51249,150,6,80,168.27499999999998,10.9728,42.566877097975556,SOURCE_EXPLICIT,,SCHEDULE_MASTER_SELECTED_TOPOLOGY_WALL_DIFFERS,7.11,10.9728,false,DEFAULT-USAGE-000076,DEFAULT-USAGE-000077,DEFAULT-USAGE-000078,,DEFAULT-USAGE-000079,,DEFAULT-USAGE-000080,fnv1a64:da399e6501990e3c
POS-017,PE-000017,10180,10190,INST,INST /88-UZV-11951,"/ASIM-1885-6""-S8811951-91261M7-HC-01","/ASIM-1885-6""-S8811951-91261M7-HC-01/B2","/ASIM-1885-6""-S8811951-91261M7-HC-01/B2",INST /88-UZV-11951,150,6,80,168.27499999999998,10.9728,42.566877097975556,SOURCE_EXPLICIT,,SCHEDULE_MASTER_SELECTED_TOPOLOGY_WALL_DIFFERS,7.11,10.9728,false,DEFAULT-USAGE-000081,DEFAULT-USAGE-000082,DEFAULT-USAGE-000083,,DEFAULT-USAGE-000084,,DEFAULT-USAGE-000085,fnv1a64:6e5a376781fae087
POS-018,PE-000018,10190,10200,GASK,GASK =1006649732/51255,"/ASIM-1885-6""-S8811951-91261M7-HC-01","/ASIM-1885-6""-S8811951-91261M7-HC-01/B2","/ASIM-1885-6""-S8811951-91261M7-HC-01/B2",GASK =1006649732/51255,150,6,80,168.27499999999998,10.9728,42.566877097975556,SOURCE_EXPLICIT,,SCHEDULE_MASTER_SELECTED_TOPOLOGY_WALL_DIFFERS,7.11,10.9728,false,DEFAULT-USAGE-000086,DEFAULT-USAGE-000087,DEFAULT-USAGE-000088,,DEFAULT-USAGE-000089,,DEFAULT-USAGE-000090,fnv1a64:eccdf1a82a2db3e9
POS-019,PE-000019,10200,10210,FLAN,FLAN =1006649732/51256,"/ASIM-1885-6""-S8811951-91261M7-HC-01","/ASIM-1885-6""-S8811951-91261M7-HC-01/B2","/ASIM-1885-6""-S8811951-91261M7-HC-01/B2",FLAN =1006649732/51256,150,6,80,168.27499999999998,10.9728,42.566877097975556,SOURCE_EXPLICIT,,SCHEDULE_MASTER_SELECTED_TOPOLOGY_WALL_DIFFERS,7.11,10.9728,false,DEFAULT-USAGE-000091,DEFAULT-USAGE-000092,DEFAULT-USAGE-000093,,DEFAULT-USAGE-000094,,DEFAULT-USAGE-000095,fnv1a64:8a4bfebbd6f3a2ec
POS-020,PE-000020,10210,10230,PIPE,"PIPE AUTO /ASIM-1885-6""-S8811951-91261M7-HC-01/B2 8","/ASIM-1885-6""-S8811951-91261M7-HC-01","/ASIM-1885-6""-S8811951-91261M7-HC-01/B2","/ASIM-1885-6""-S8811951-91261M7-HC-01/B2","PIPE AUTO /ASIM-1885-6""-S8811951-91261M7-HC-01/B2 8",150,6,80,168.27499999999998,10.9728,42.566877097975556,SOURCE_EXPLICIT,,SCHEDULE_MASTER_SELECTED_TOPOLOGY_WALL_DIFFERS,7.11,10.9728,false,DEFAULT-USAGE-000096,DEFAULT-USAGE-000097,DEFAULT-USAGE-000098,,DEFAULT-USAGE-000099,,DEFAULT-USAGE-000100,fnv1a64:64f3c6f3bacc4164
POS-021,PE-000021,10230,10220,PIPE,"PIPE AUTO /ASIM-1885-6""-S8811951-91261M7-HC-01/B2 8","/ASIM-1885-6""-S8811951-91261M7-HC-01","/ASIM-1885-6""-S8811951-91261M7-HC-01/B2","/ASIM-1885-6""-S8811951-91261M7-HC-01/B2","PIPE AUTO /ASIM-1885-6""-S8811951-91261M7-HC-01/B2 8",150,6,80,168.27499999999998,10.9728,42.566877097975556,SOURCE_EXPLICIT,,SCHEDULE_MASTER_SELECTED_TOPOLOGY_WALL_DIFFERS,7.11,10.9728,false,DEFAULT-USAGE-000101,DEFAULT-USAGE-000102,DEFAULT-USAGE-000103,,DEFAULT-USAGE-000104,,DEFAULT-USAGE-000105,fnv1a64:c5a53f5806564afe
POS-022,PE-000022,10220,10240,FLAN,FLAN =1006649732/51263,"/ASIM-1885-6""-S8811951-91261M7-HC-01","/ASIM-1885-6""-S8811951-91261M7-HC-01/B2","/ASIM-1885-6""-S8811951-91261M7-HC-01/B2",FLAN =1006649732/51263,150,6,80,168.27499999999998,10.9728,42.566877097975556,SOURCE_EXPLICIT,,SCHEDULE_MASTER_SELECTED_TOPOLOGY_WALL_DIFFERS,7.11,10.9728,false,DEFAULT-USAGE-000106,DEFAULT-USAGE-000107,DEFAULT-USAGE-000108,,DEFAULT-USAGE-000109,,DEFAULT-USAGE-000110,fnv1a64:dffd4185ebe750cd
POS-023,PE-000023,10240,10250,GASK,GASK =1006649732/51264,"/ASIM-1885-6""-S8811951-91261M7-HC-01","/ASIM-1885-6""-S8811951-91261M7-HC-01/B2","/ASIM-1885-6""-S8811951-91261M7-HC-01/B2",GASK =1006649732/51264,150,6,80,168.27499999999998,10.9728,42.566877097975556,SOURCE_EXPLICIT,,SCHEDULE_MASTER_SELECTED_TOPOLOGY_WALL_DIFFERS,7.11,10.9728,false,DEFAULT-USAGE-000111,DEFAULT-USAGE-000112,DEFAULT-USAGE-000113,,DEFAULT-USAGE-000114,,DEFAULT-USAGE-000115,fnv1a64:754f096748c7382e
POS-024,PE-000024,10250,10260,PIPE,"PIPE AUTO /ASIM-1885-6""-S8811951-91261M7-HC-01/B2 9","/ASIM-1885-6""-S8811951-91261M7-HC-01","/ASIM-1885-6""-S8811951-91261M7-HC-01/B2","/ASIM-1885-6""-S8811951-91261M7-HC-01/B2","PIPE AUTO /ASIM-1885-6""-S8811951-91261M7-HC-01/B2 9",150,6,80,168.27499999999998,10.9728,42.566877097975556,SOURCE_EXPLICIT,,SCHEDULE_MASTER_SELECTED_TOPOLOGY_WALL_DIFFERS,7.11,10.9728,false,DEFAULT-USAGE-000116,DEFAULT-USAGE-000117,DEFAULT-USAGE-000118,,DEFAULT-USAGE-000119,,DEFAULT-USAGE-000120,fnv1a64:bdf2c89624eedf98
POS-025,PE-000025,10260,10270,GASK,GASK =1006649732/51266,"/ASIM-1885-6""-S8811951-91261M7-HC-01","/ASIM-1885-6""-S8811951-91261M7-HC-01/B2","/ASIM-1885-6""-S8811951-91261M7-HC-01/B2",GASK =1006649732/51266,150,6,80,168.27499999999998,10.9728,42.566877097975556,SOURCE_EXPLICIT,,SCHEDULE_MASTER_SELECTED_TOPOLOGY_WALL_DIFFERS,7.11,10.9728,false,DEFAULT-USAGE-000121,DEFAULT-USAGE-000122,DEFAULT-USAGE-000123,,DEFAULT-USAGE-000124,,DEFAULT-USAGE-000125,fnv1a64:bf27f6ef13d2fe9b
POS-026,PE-000026,10270,10280,FLAN,FLAN =1006649732/51267,"/ASIM-1885-6""-S8811951-91261M7-HC-01","/ASIM-1885-6""-S8811951-91261M7-HC-01/B2","/ASIM-1885-6""-S8811951-91261M7-HC-01/B2",FLAN =1006649732/51267,150,6,80,168.27499999999998,10.9728,42.566877097975556,SOURCE_EXPLICIT,,SCHEDULE_MASTER_SELECTED_TOPOLOGY_WALL_DIFFERS,7.11,10.9728,false,DEFAULT-USAGE-000126,DEFAULT-USAGE-000127,DEFAULT-USAGE-000128,,DEFAULT-USAGE-000129,,DEFAULT-USAGE-000130,fnv1a64:2e3e8fc199debefb
POS-027,PE-000027,10280,10290,REDU,REDU =1006649732/51268,"/ASIM-1885-6""-S8811951-91261M7-HC-01","/ASIM-1885-6""-S8811951-91261M7-HC-01/B2","/ASIM-1885-6""-S8811951-91261M7-HC-01/B2",REDU =1006649732/51268,150,6,80,168.27499999999998,10.9728,42.566877097975556,SOURCE_EXPLICIT,,SCHEDULE_MASTER_SELECTED_TOPOLOGY_WALL_DIFFERS,7.11,10.9728,false,DEFAULT-USAGE-000131,DEFAULT-USAGE-000132,DEFAULT-USAGE-000133,,DEFAULT-USAGE-000134,,DEFAULT-USAGE-000135,fnv1a64:20b604e9f2c6c4e0
POS-028,PE-000028,10290,10310,PIPE,"PIPE AUTO /ASIM-1885-6""-S8811951-91261M7-HC-01/B2 10","/ASIM-1885-6""-S8811951-91261M7-HC-01","/ASIM-1885-6""-S8811951-91261M7-HC-01/B2","/ASIM-1885-6""-S8811951-91261M7-HC-01/B2","PIPE AUTO /ASIM-1885-6""-S8811951-91261M7-HC-01/B2 10",80,3,80,88.9,5.4864,11.286099175662178,PROJECT_CONFIGURED_DEFAULT,DEFAULT-USAGE-000136,SCHEDULE_MASTER_COVERAGE_MISSING_CONFIG_REQUIRED,5.49,,,DEFAULT-USAGE-000137,DEFAULT-USAGE-000138,DEFAULT-USAGE-000139,,DEFAULT-USAGE-000140,,DEFAULT-USAGE-000141,fnv1a64:54b8923da9bc7495
POS-029,PE-000029,10310,10300,PIPE,"PIPE AUTO /ASIM-1885-6""-S8811951-91261M7-HC-01/B2 10","/ASIM-1885-6""-S8811951-91261M7-HC-01","/ASIM-1885-6""-S8811951-91261M7-HC-01/B2","/ASIM-1885-6""-S8811951-91261M7-HC-01/B2","PIPE AUTO /ASIM-1885-6""-S8811951-91261M7-HC-01/B2 10",80,3,80,88.9,5.4864,11.286099175662178,PROJECT_CONFIGURED_DEFAULT,DEFAULT-USAGE-000142,SCHEDULE_MASTER_COVERAGE_MISSING_CONFIG_REQUIRED,5.49,,,DEFAULT-USAGE-000143,DEFAULT-USAGE-000144,DEFAULT-USAGE-000145,,DEFAULT-USAGE-000146,,DEFAULT-USAGE-000147,fnv1a64:528569ae3b584299
POS-030,PE-000030,10300,10320,FLAN,FLAN =1006649732/51272,"/ASIM-1885-6""-S8811951-91261M7-HC-01","/ASIM-1885-6""-S8811951-91261M7-HC-01/B2","/ASIM-1885-6""-S8811951-91261M7-HC-01/B2",FLAN =1006649732/51272,80,3,80,88.9,5.4864,11.286099175662178,PROJECT_CONFIGURED_DEFAULT,DEFAULT-USAGE-000148,SCHEDULE_MASTER_COVERAGE_MISSING_CONFIG_REQUIRED,5.49,,,DEFAULT-USAGE-000149,DEFAULT-USAGE-000150,DEFAULT-USAGE-000151,,DEFAULT-USAGE-000152,,DEFAULT-USAGE-000153,fnv1a64:f4d69d15dd01d1ac
POS-031,PE-000031,10320,10330,GASK,GASK =1006649732/51273,"/ASIM-1885-6""-S8811951-91261M7-HC-01","/ASIM-1885-6""-S8811951-91261M7-HC-01/B2","/ASIM-1885-6""-S8811951-91261M7-HC-01/B2",GASK =1006649732/51273,80,3,80,88.9,5.4864,11.286099175662178,PROJECT_CONFIGURED_DEFAULT,DEFAULT-USAGE-000154,SCHEDULE_MASTER_COVERAGE_MISSING_CONFIG_REQUIRED,5.49,,,DEFAULT-USAGE-000155,DEFAULT-USAGE-000156,DEFAULT-USAGE-000157,,DEFAULT-USAGE-000158,,DEFAULT-USAGE-000159,fnv1a64:2aed418e50110a7a
POS-032,PE-000032,10330,10340,INST,INST /88-FI-11360,"/ASIM-1885-6""-S8811951-91261M7-HC-01","/ASIM-1885-6""-S8811951-91261M7-HC-01/B2","/ASIM-1885-6""-S8811951-91261M7-HC-01/B2",INST /88-FI-11360,80,3,80,88.9,5.4864,11.286099175662178,PROJECT_CONFIGURED_DEFAULT,DEFAULT-USAGE-000160,SCHEDULE_MASTER_COVERAGE_MISSING_CONFIG_REQUIRED,5.49,,,DEFAULT-USAGE-000161,DEFAULT-USAGE-000162,DEFAULT-USAGE-000163,,DEFAULT-USAGE-000164,,DEFAULT-USAGE-000165,fnv1a64:a1e6237fa11f147c
POS-033,PE-000033,10340,10350,GASK,GASK =1006649732/51276,"/ASIM-1885-6""-S8811951-91261M7-HC-01","/ASIM-1885-6""-S8811951-91261M7-HC-01/B2","/ASIM-1885-6""-S8811951-91261M7-HC-01/B2",GASK =1006649732/51276,80,3,80,88.9,5.4864,11.286099175662178,PROJECT_CONFIGURED_DEFAULT,DEFAULT-USAGE-000166,SCHEDULE_MASTER_COVERAGE_MISSING_CONFIG_REQUIRED,5.49,,,DEFAULT-USAGE-000167,DEFAULT-USAGE-000168,DEFAULT-USAGE-000169,,DEFAULT-USAGE-000170,,DEFAULT-USAGE-000171,fnv1a64:9863bfbcb3b7b945
POS-034,PE-000034,10350,10360,FLAN,FLAN =1006649732/51277,"/ASIM-1885-6""-S8811951-91261M7-HC-01","/ASIM-1885-6""-S8811951-91261M7-HC-01/B2","/ASIM-1885-6""-S8811951-91261M7-HC-01/B2",FLAN =1006649732/51277,80,3,80,88.9,5.4864,11.286099175662178,PROJECT_CONFIGURED_DEFAULT,DEFAULT-USAGE-000172,SCHEDULE_MASTER_COVERAGE_MISSING_CONFIG_REQUIRED,5.49,,,DEFAULT-USAGE-000173,DEFAULT-USAGE-000174,DEFAULT-USAGE-000175,,DEFAULT-USAGE-000176,,DEFAULT-USAGE-000177,fnv1a64:033b945fbf1aaff5
POS-035,PE-000035,10360,10380,PIPE,"PIPE AUTO /ASIM-1885-6""-S8811951-91261M7-HC-01/B2 12","/ASIM-1885-6""-S8811951-91261M7-HC-01","/ASIM-1885-6""-S8811951-91261M7-HC-01/B2","/ASIM-1885-6""-S8811951-91261M7-HC-01/B2","PIPE AUTO /ASIM-1885-6""-S8811951-91261M7-HC-01/B2 12",80,3,80,88.9,5.4864,11.286099175662178,PROJECT_CONFIGURED_DEFAULT,DEFAULT-USAGE-000178,SCHEDULE_MASTER_COVERAGE_MISSING_CONFIG_REQUIRED,5.49,,,DEFAULT-USAGE-000179,DEFAULT-USAGE-000180,DEFAULT-USAGE-000181,,DEFAULT-USAGE-000182,,DEFAULT-USAGE-000183,fnv1a64:c641b2c3014c0904
POS-036,PE-000036,10380,10370,PIPE,"PIPE AUTO /ASIM-1885-6""-S8811951-91261M7-HC-01/B2 12","/ASIM-1885-6""-S8811951-91261M7-HC-01","/ASIM-1885-6""-S8811951-91261M7-HC-01/B2","/ASIM-1885-6""-S8811951-91261M7-HC-01/B2","PIPE AUTO /ASIM-1885-6""-S8811951-91261M7-HC-01/B2 12",80,3,80,88.9,5.4864,11.286099175662178,PROJECT_CONFIGURED_DEFAULT,DEFAULT-USAGE-000184,SCHEDULE_MASTER_COVERAGE_MISSING_CONFIG_REQUIRED,5.49,,,DEFAULT-USAGE-000185,DEFAULT-USAGE-000186,DEFAULT-USAGE-000187,,DEFAULT-USAGE-000188,,DEFAULT-USAGE-000189,fnv1a64:d3c7ac36ae40a38a
POS-037,PE-000037,10370,10390,REDU,REDU =1006649732/51281,"/ASIM-1885-6""-S8811951-91261M7-HC-01","/ASIM-1885-6""-S8811951-91261M7-HC-01/B2","/ASIM-1885-6""-S8811951-91261M7-HC-01/B2",REDU =1006649732/51281,80,3,80,88.9,5.4864,11.286099175662178,PROJECT_CONFIGURED_DEFAULT,DEFAULT-USAGE-000190,SCHEDULE_MASTER_COVERAGE_MISSING_CONFIG_REQUIRED,5.49,,,DEFAULT-USAGE-000191,DEFAULT-USAGE-000192,DEFAULT-USAGE-000193,,DEFAULT-USAGE-000194,,DEFAULT-USAGE-000195,fnv1a64:3d2b32d35499c7ee
POS-038,PE-000038,10390,10400,FLAN,FLAN =1006649732/51282,"/ASIM-1885-6""-S8811951-91261M7-HC-01","/ASIM-1885-6""-S8811951-91261M7-HC-01/B2","/ASIM-1885-6""-S8811951-91261M7-HC-01/B2",FLAN =1006649732/51282,150,6,80,168.27499999999998,10.9728,42.566877097975556,SOURCE_EXPLICIT,,SCHEDULE_MASTER_SELECTED_TOPOLOGY_WALL_DIFFERS,7.11,10.9728,false,DEFAULT-USAGE-000196,DEFAULT-USAGE-000197,DEFAULT-USAGE-000198,,DEFAULT-USAGE-000199,,DEFAULT-USAGE-000200,fnv1a64:81082828076a37be
POS-039,PE-000039,10400,10410,GASK,GASK =1006649732/51283,"/ASIM-1885-6""-S8811951-91261M7-HC-01","/ASIM-1885-6""-S8811951-91261M7-HC-01/B2","/ASIM-1885-6""-S8811951-91261M7-HC-01/B2",GASK =1006649732/51283,150,6,80,168.27499999999998,10.9728,42.566877097975556,SOURCE_EXPLICIT,,SCHEDULE_MASTER_SELECTED_TOPOLOGY_WALL_DIFFERS,7.11,10.9728,false,DEFAULT-USAGE-000201,DEFAULT-USAGE-000202,DEFAULT-USAGE-000203,,DEFAULT-USAGE-000204,,DEFAULT-USAGE-000205,fnv1a64:472c8ca90e63e6bb
POS-040,PE-000040,10410,10020,INST,INST /88-HCV-11067,"/ASIM-1885-6""-S8811951-91261M7-HC-01","/ASIM-1885-6""-S8811951-91261M7-HC-01/B2","/ASIM-1885-6""-S8811951-91261M7-HC-01/B2",INST /88-HCV-11067,150,6,80,168.27499999999998,10.9728,42.566877097975556,SOURCE_EXPLICIT,,SCHEDULE_MASTER_SELECTED_TOPOLOGY_WALL_DIFFERS,7.11,10.9728,false,DEFAULT-USAGE-000206,DEFAULT-USAGE-000207,DEFAULT-USAGE-000208,,DEFAULT-USAGE-000209,,DEFAULT-USAGE-000210,fnv1a64:58321a0b227700fe
POS-041,PE-000041,10020,20010,GASK,GASK =1006649732/51343,"/ASIM-1885-6""-S8811951-91261M7-HC-01","/ASIM-1885-6""-S8811951-91261M7-HC-01/B7","/ASIM-1885-6""-S8811951-91261M7-HC-01/B7",GASK =1006649732/51343,150,6,80,168.27499999999998,10.9728,42.566877097975556,SOURCE_EXPLICIT,,SCHEDULE_MASTER_SELECTED_TOPOLOGY_WALL_DIFFERS,7.11,10.9728,false,DEFAULT-USAGE-000211,DEFAULT-USAGE-000212,DEFAULT-USAGE-000213,,DEFAULT-USAGE-000214,,DEFAULT-USAGE-000215,fnv1a64:41a440f602fc3066
POS-042,PE-000042,20010,20020,FLAN,FLAN =1006649732/51344,"/ASIM-1885-6""-S8811951-91261M7-HC-01","/ASIM-1885-6""-S8811951-91261M7-HC-01/B7","/ASIM-1885-6""-S8811951-91261M7-HC-01/B7",FLAN =1006649732/51344,150,6,80,168.27499999999998,10.9728,42.566877097975556,SOURCE_EXPLICIT,,SCHEDULE_MASTER_SELECTED_TOPOLOGY_WALL_DIFFERS,7.11,10.9728,false,DEFAULT-USAGE-000216,DEFAULT-USAGE-000217,DEFAULT-USAGE-000218,,DEFAULT-USAGE-000219,,DEFAULT-USAGE-000220,fnv1a64:733ad96c38614676
POS-043,PE-000043,20020,20040,PIPE,"PIPE AUTO /ASIM-1885-6""-S8811951-91261M7-HC-01/B7 1","/ASIM-1885-6""-S8811951-91261M7-HC-01","/ASIM-1885-6""-S8811951-91261M7-HC-01/B7","/ASIM-1885-6""-S8811951-91261M7-HC-01/B7","PIPE AUTO /ASIM-1885-6""-S8811951-91261M7-HC-01/B7 1",150,6,80,168.27499999999998,10.9728,42.566877097975556,SOURCE_EXPLICIT,,SCHEDULE_MASTER_SELECTED_TOPOLOGY_WALL_DIFFERS,7.11,10.9728,false,DEFAULT-USAGE-000221,DEFAULT-USAGE-000222,DEFAULT-USAGE-000223,,DEFAULT-USAGE-000224,,DEFAULT-USAGE-000225,fnv1a64:3a84d452fd695967
POS-044,PE-000044,20040,20030,PIPE,"PIPE AUTO /ASIM-1885-6""-S8811951-91261M7-HC-01/B7 1","/ASIM-1885-6""-S8811951-91261M7-HC-01","/ASIM-1885-6""-S8811951-91261M7-HC-01/B7","/ASIM-1885-6""-S8811951-91261M7-HC-01/B7","PIPE AUTO /ASIM-1885-6""-S8811951-91261M7-HC-01/B7 1",150,6,80,168.27499999999998,10.9728,42.566877097975556,SOURCE_EXPLICIT,,SCHEDULE_MASTER_SELECTED_TOPOLOGY_WALL_DIFFERS,7.11,10.9728,false,DEFAULT-USAGE-000226,DEFAULT-USAGE-000227,DEFAULT-USAGE-000228,,DEFAULT-USAGE-000229,,DEFAULT-USAGE-000230,fnv1a64:3fcbb71aaddd1a50
POS-045,PE-000045,20030,20050,PIPE,"PIPE AUTO /ASIM-1885-6""-S8811951-91261M7-HC-01/B7 2","/ASIM-1885-6""-S8811951-91261M7-HC-01","/ASIM-1885-6""-S8811951-91261M7-HC-01/B7","/ASIM-1885-6""-S8811951-91261M7-HC-01/B7","PIPE AUTO /ASIM-1885-6""-S8811951-91261M7-HC-01/B7 2",150,6,80,168.27499999999998,10.9728,42.566877097975556,SOURCE_EXPLICIT,,SCHEDULE_MASTER_SELECTED_TOPOLOGY_WALL_DIFFERS,7.11,10.9728,false,DEFAULT-USAGE-000231,DEFAULT-USAGE-000232,DEFAULT-USAGE-000233,,DEFAULT-USAGE-000234,,DEFAULT-USAGE-000235,fnv1a64:0b545c3b404a70b8
POS-046,PE-000046,20050,20060,PIPE,"PIPE AUTO /ASIM-1885-6""-S8811951-91261M7-HC-01/B7 3","/ASIM-1885-6""-S8811951-91261M7-HC-01","/ASIM-1885-6""-S8811951-91261M7-HC-01/B7","/ASIM-1885-6""-S8811951-91261M7-HC-01/B7","PIPE AUTO /ASIM-1885-6""-S8811951-91261M7-HC-01/B7 3",150,6,80,168.27499999999998,10.9728,42.566877097975556,SOURCE_EXPLICIT,,SCHEDULE_MASTER_SELECTED_TOPOLOGY_WALL_DIFFERS,7.11,10.9728,false,DEFAULT-USAGE-000236,DEFAULT-USAGE-000237,DEFAULT-USAGE-000238,,DEFAULT-USAGE-000239,,DEFAULT-USAGE-000240,fnv1a64:1f3ce78f294f64ff
POS-047,PE-000047,20060,20080,PIPE,"PIPE AUTO /ASIM-1885-6""-S8811951-91261M7-HC-01/B7 4","/ASIM-1885-6""-S8811951-91261M7-HC-01","/ASIM-1885-6""-S8811951-91261M7-HC-01/B7","/ASIM-1885-6""-S8811951-91261M7-HC-01/B7","PIPE AUTO /ASIM-1885-6""-S8811951-91261M7-HC-01/B7 4",150,6,80,168.27499999999998,10.9728,42.566877097975556,SOURCE_EXPLICIT,,SCHEDULE_MASTER_SELECTED_TOPOLOGY_WALL_DIFFERS,7.11,10.9728,false,DEFAULT-USAGE-000241,DEFAULT-USAGE-000242,DEFAULT-USAGE-000243,,DEFAULT-USAGE-000244,,DEFAULT-USAGE-000245,fnv1a64:7fe163ebc5115c0d
POS-048,PE-000048,20080,20070,PIPE,"PIPE AUTO /ASIM-1885-6""-S8811951-91261M7-HC-01/B7 4","/ASIM-1885-6""-S8811951-91261M7-HC-01","/ASIM-1885-6""-S8811951-91261M7-HC-01/B7","/ASIM-1885-6""-S8811951-91261M7-HC-01/B7","PIPE AUTO /ASIM-1885-6""-S8811951-91261M7-HC-01/B7 4",150,6,80,168.27499999999998,10.9728,42.566877097975556,SOURCE_EXPLICIT,,SCHEDULE_MASTER_SELECTED_TOPOLOGY_WALL_DIFFERS,7.11,10.9728,false,DEFAULT-USAGE-000246,DEFAULT-USAGE-000247,DEFAULT-USAGE-000248,,DEFAULT-USAGE-000249,,DEFAULT-USAGE-000250,fnv1a64:c59cb23756a07f5c
POS-049,PE-000049,20070,20090,ELBO,ELBO =1006649732/51356,"/ASIM-1885-6""-S8811951-91261M7-HC-01","/ASIM-1885-6""-S8811951-91261M7-HC-01/B7","/ASIM-1885-6""-S8811951-91261M7-HC-01/B7",ELBO =1006649732/51356,150,6,80,168.27499999999998,10.9728,42.566877097975556,SOURCE_EXPLICIT,,SCHEDULE_MASTER_SELECTED_TOPOLOGY_WALL_DIFFERS,7.11,10.9728,false,DEFAULT-USAGE-000251,DEFAULT-USAGE-000252,DEFAULT-USAGE-000253,,DEFAULT-USAGE-000254,,DEFAULT-USAGE-000255,fnv1a64:fd25e36a6b5538a2
POS-050,PE-000050,20090,20100,ELBO,ELBO =1006649732/51356,"/ASIM-1885-6""-S8811951-91261M7-HC-01","/ASIM-1885-6""-S8811951-91261M7-HC-01/B7","/ASIM-1885-6""-S8811951-91261M7-HC-01/B7",ELBO =1006649732/51356,150,6,80,168.27499999999998,10.9728,42.566877097975556,SOURCE_EXPLICIT,,SCHEDULE_MASTER_SELECTED_TOPOLOGY_WALL_DIFFERS,7.11,10.9728,false,DEFAULT-USAGE-000256,DEFAULT-USAGE-000257,DEFAULT-USAGE-000258,,DEFAULT-USAGE-000259,,DEFAULT-USAGE-000260,fnv1a64:fe35a4f24fabd274
POS-051,PE-000051,20100,20120,PIPE,"PIPE AUTO /ASIM-1885-6""-S8811951-91261M7-HC-01/B7 5","/ASIM-1885-6""-S8811951-91261M7-HC-01","/ASIM-1885-6""-S8811951-91261M7-HC-01/B7","/ASIM-1885-6""-S8811951-91261M7-HC-01/B7","PIPE AUTO /ASIM-1885-6""-S8811951-91261M7-HC-01/B7 5",150,6,80,168.27499999999998,10.9728,42.566877097975556,SOURCE_EXPLICIT,,SCHEDULE_MASTER_SELECTED_TOPOLOGY_WALL_DIFFERS,7.11,10.9728,false,DEFAULT-USAGE-000261,DEFAULT-USAGE-000262,DEFAULT-USAGE-000263,,DEFAULT-USAGE-000264,,DEFAULT-USAGE-000265,fnv1a64:04a200daefdba9eb
POS-052,PE-000052,20120,20130,PIPE,"PIPE AUTO /ASIM-1885-6""-S8811951-91261M7-HC-01/B7 5","/ASIM-1885-6""-S8811951-91261M7-HC-01","/ASIM-1885-6""-S8811951-91261M7-HC-01/B7","/ASIM-1885-6""-S8811951-91261M7-HC-01/B7","PIPE AUTO /ASIM-1885-6""-S8811951-91261M7-HC-01/B7 5",150,6,80,168.27499999999998,10.9728,42.566877097975556,SOURCE_EXPLICIT,,SCHEDULE_MASTER_SELECTED_TOPOLOGY_WALL_DIFFERS,7.11,10.9728,false,DEFAULT-USAGE-000266,DEFAULT-USAGE-000267,DEFAULT-USAGE-000268,,DEFAULT-USAGE-000269,,DEFAULT-USAGE-000270,fnv1a64:b5129a84785c2ba6
POS-053,PE-000053,20130,20110,PIPE,"PIPE AUTO /ASIM-1885-6""-S8811951-91261M7-HC-01/B7 5","/ASIM-1885-6""-S8811951-91261M7-HC-01","/ASIM-1885-6""-S8811951-91261M7-HC-01/B7","/ASIM-1885-6""-S8811951-91261M7-HC-01/B7","PIPE AUTO /ASIM-1885-6""-S8811951-91261M7-HC-01/B7 5",150,6,80,168.27499999999998,10.9728,42.566877097975556,SOURCE_EXPLICIT,,SCHEDULE_MASTER_SELECTED_TOPOLOGY_WALL_DIFFERS,7.11,10.9728,false,DEFAULT-USAGE-000271,DEFAULT-USAGE-000272,DEFAULT-USAGE-000273,,DEFAULT-USAGE-000274,,DEFAULT-USAGE-000275,fnv1a64:a2ba3e079b915cce
POS-054,PE-000054,20110,20140,ELBO,ELBO =1006649732/51366,"/ASIM-1885-6""-S8811951-91261M7-HC-01","/ASIM-1885-6""-S8811951-91261M7-HC-01/B7","/ASIM-1885-6""-S8811951-91261M7-HC-01/B7",ELBO =1006649732/51366,150,6,80,168.27499999999998,10.9728,42.566877097975556,SOURCE_EXPLICIT,,SCHEDULE_MASTER_SELECTED_TOPOLOGY_WALL_DIFFERS,7.11,10.9728,false,DEFAULT-USAGE-000276,DEFAULT-USAGE-000277,DEFAULT-USAGE-000278,,DEFAULT-USAGE-000279,,DEFAULT-USAGE-000280,fnv1a64:d2a5467979317cb3
POS-055,PE-000055,20140,20150,ELBO,ELBO =1006649732/51366,"/ASIM-1885-6""-S8811951-91261M7-HC-01","/ASIM-1885-6""-S8811951-91261M7-HC-01/B7","/ASIM-1885-6""-S8811951-91261M7-HC-01/B7",ELBO =1006649732/51366,150,6,80,168.27499999999998,10.9728,42.566877097975556,SOURCE_EXPLICIT,,SCHEDULE_MASTER_SELECTED_TOPOLOGY_WALL_DIFFERS,7.11,10.9728,false,DEFAULT-USAGE-000281,DEFAULT-USAGE-000282,DEFAULT-USAGE-000283,,DEFAULT-USAGE-000284,,DEFAULT-USAGE-000285,fnv1a64:57e983a3cd6fca8b
POS-056,PE-000056,20150,20170,PIPE,"PIPE AUTO /ASIM-1885-6""-S8811951-91261M7-HC-01/B7 6","/ASIM-1885-6""-S8811951-91261M7-HC-01","/ASIM-1885-6""-S8811951-91261M7-HC-01/B7","/ASIM-1885-6""-S8811951-91261M7-HC-01/B7","PIPE AUTO /ASIM-1885-6""-S8811951-91261M7-HC-01/B7 6",150,6,80,168.27499999999998,10.9728,42.566877097975556,SOURCE_EXPLICIT,,SCHEDULE_MASTER_SELECTED_TOPOLOGY_WALL_DIFFERS,7.11,10.9728,false,DEFAULT-USAGE-000286,DEFAULT-USAGE-000287,DEFAULT-USAGE-000288,,DEFAULT-USAGE-000289,,DEFAULT-USAGE-000290,fnv1a64:f4279efd41f386d7
POS-057,PE-000057,20170,20180,PIPE,"PIPE AUTO /ASIM-1885-6""-S8811951-91261M7-HC-01/B7 6","/ASIM-1885-6""-S8811951-91261M7-HC-01","/ASIM-1885-6""-S8811951-91261M7-HC-01/B7","/ASIM-1885-6""-S8811951-91261M7-HC-01/B7","PIPE AUTO /ASIM-1885-6""-S8811951-91261M7-HC-01/B7 6",150,6,80,168.27499999999998,10.9728,42.566877097975556,SOURCE_EXPLICIT,,SCHEDULE_MASTER_SELECTED_TOPOLOGY_WALL_DIFFERS,7.11,10.9728,false,DEFAULT-USAGE-000291,DEFAULT-USAGE-000292,DEFAULT-USAGE-000293,,DEFAULT-USAGE-000294,,DEFAULT-USAGE-000295,fnv1a64:5d2dd548f688a333
POS-058,PE-000058,20180,20190,PIPE,"PIPE AUTO /ASIM-1885-6""-S8811951-91261M7-HC-01/B7 6","/ASIM-1885-6""-S8811951-91261M7-HC-01","/ASIM-1885-6""-S8811951-91261M7-HC-01/B7","/ASIM-1885-6""-S8811951-91261M7-HC-01/B7","PIPE AUTO /ASIM-1885-6""-S8811951-91261M7-HC-01/B7 6",150,6,80,168.27499999999998,10.9728,42.566877097975556,SOURCE_EXPLICIT,,SCHEDULE_MASTER_SELECTED_TOPOLOGY_WALL_DIFFERS,7.11,10.9728,false,DEFAULT-USAGE-000296,DEFAULT-USAGE-000297,DEFAULT-USAGE-000298,,DEFAULT-USAGE-000299,,DEFAULT-USAGE-000300,fnv1a64:86074eb9f5bf908b
POS-059,PE-000059,20190,20160,PIPE,"PIPE AUTO /ASIM-1885-6""-S8811951-91261M7-HC-01/B7 6","/ASIM-1885-6""-S8811951-91261M7-HC-01","/ASIM-1885-6""-S8811951-91261M7-HC-01/B7","/ASIM-1885-6""-S8811951-91261M7-HC-01/B7","PIPE AUTO /ASIM-1885-6""-S8811951-91261M7-HC-01/B7 6",150,6,80,168.27499999999998,10.9728,42.566877097975556,SOURCE_EXPLICIT,,SCHEDULE_MASTER_SELECTED_TOPOLOGY_WALL_DIFFERS,7.11,10.9728,false,DEFAULT-USAGE-000301,DEFAULT-USAGE-000302,DEFAULT-USAGE-000303,,DEFAULT-USAGE-000304,,DEFAULT-USAGE-000305,fnv1a64:7e2f5c189311bdcb
POS-060,PE-000060,20160,20200,FLAN,FLAN =1006649732/51379,"/ASIM-1885-6""-S8811951-91261M7-HC-01","/ASIM-1885-6""-S8811951-91261M7-HC-01/B7","/ASIM-1885-6""-S8811951-91261M7-HC-01/B7",FLAN =1006649732/51379,150,6,80,168.27499999999998,10.9728,42.566877097975556,SOURCE_EXPLICIT,,SCHEDULE_MASTER_SELECTED_TOPOLOGY_WALL_DIFFERS,7.11,10.9728,false,DEFAULT-USAGE-000306,DEFAULT-USAGE-000307,DEFAULT-USAGE-000308,,DEFAULT-USAGE-000309,,DEFAULT-USAGE-000310,fnv1a64:29be1dc9855c496e
POS-061,PE-000061,20200,10420,GASK,GASK =1006649732/51380,"/ASIM-1885-6""-S8811951-91261M7-HC-01","/ASIM-1885-6""-S8811951-91261M7-HC-01/B7","/ASIM-1885-6""-S8811951-91261M7-HC-01/B7",GASK =1006649732/51380,150,6,80,168.27499999999998,10.9728,42.566877097975556,SOURCE_EXPLICIT,,SCHEDULE_MASTER_SELECTED_TOPOLOGY_WALL_DIFFERS,7.11,10.9728,false,DEFAULT-USAGE-000311,DEFAULT-USAGE-000312,DEFAULT-USAGE-000313,,DEFAULT-USAGE-000314,,DEFAULT-USAGE-000315,fnv1a64:8388bf3b075e0f4d
POS-062,PE-000062,10430,30010,PIPE,"PIPE AUTO /ASIM-1885-6""-S8810112-91261M7-HC-01/B6 HEAD","/ASIM-1885-6""-S8810112-91261M7-HC-01","/ASIM-1885-6""-S8810112-91261M7-HC-01/B6","/ASIM-1885-6""-S8810112-91261M7-HC-01/B6","PIPE AUTO /ASIM-1885-6""-S8810112-91261M7-HC-01/B6 HEAD",150,6,80,168.27499999999998,10.9728,42.566877097975556,SOURCE_EXPLICIT,,SCHEDULE_MASTER_SELECTED_TOPOLOGY_WALL_DIFFERS,7.11,10.9728,false,DEFAULT-USAGE-000316,DEFAULT-USAGE-000317,DEFAULT-USAGE-000318,,DEFAULT-USAGE-000319,,DEFAULT-USAGE-000320,fnv1a64:64bb66404f447e03
POS-063,PE-000063,30010,30020,ELBO,ELBO =1006657924/39695,"/ASIM-1885-6""-S8810112-91261M7-HC-01","/ASIM-1885-6""-S8810112-91261M7-HC-01/B6","/ASIM-1885-6""-S8810112-91261M7-HC-01/B6",ELBO =1006657924/39695,150,6,80,168.27499999999998,10.9728,42.566877097975556,SOURCE_EXPLICIT,,SCHEDULE_MASTER_SELECTED_TOPOLOGY_WALL_DIFFERS,7.11,10.9728,false,DEFAULT-USAGE-000321,DEFAULT-USAGE-000322,DEFAULT-USAGE-000323,,DEFAULT-USAGE-000324,,DEFAULT-USAGE-000325,fnv1a64:3317bbbd6609fd6b
POS-064,PE-000064,30020,30030,ELBO,ELBO =1006657924/39695,"/ASIM-1885-6""-S8810112-91261M7-HC-01","/ASIM-1885-6""-S8810112-91261M7-HC-01/B6","/ASIM-1885-6""-S8810112-91261M7-HC-01/B6",ELBO =1006657924/39695,150,6,80,168.27499999999998,10.9728,42.566877097975556,SOURCE_EXPLICIT,,SCHEDULE_MASTER_SELECTED_TOPOLOGY_WALL_DIFFERS,7.11,10.9728,false,DEFAULT-USAGE-000326,DEFAULT-USAGE-000327,DEFAULT-USAGE-000328,,DEFAULT-USAGE-000329,,DEFAULT-USAGE-000330,fnv1a64:4c0a8b6cd74460d2
POS-065,PE-000065,30030,30050,PIPE,"PIPE AUTO /ASIM-1885-6""-S8810112-91261M7-HC-01/B6 1","/ASIM-1885-6""-S8810112-91261M7-HC-01","/ASIM-1885-6""-S8810112-91261M7-HC-01/B6","/ASIM-1885-6""-S8810112-91261M7-HC-01/B6","PIPE AUTO /ASIM-1885-6""-S8810112-91261M7-HC-01/B6 1",150,6,80,168.27499999999998,10.9728,42.566877097975556,SOURCE_EXPLICIT,,SCHEDULE_MASTER_SELECTED_TOPOLOGY_WALL_DIFFERS,7.11,10.9728,false,DEFAULT-USAGE-000331,DEFAULT-USAGE-000332,DEFAULT-USAGE-000333,,DEFAULT-USAGE-000334,,DEFAULT-USAGE-000335,fnv1a64:dd6772d9fc49d881
POS-066,PE-000066,30050,30060,PIPE,"PIPE AUTO /ASIM-1885-6""-S8810112-91261M7-HC-01/B6 1","/ASIM-1885-6""-S8810112-91261M7-HC-01","/ASIM-1885-6""-S8810112-91261M7-HC-01/B6","/ASIM-1885-6""-S8810112-91261M7-HC-01/B6","PIPE AUTO /ASIM-1885-6""-S8810112-91261M7-HC-01/B6 1",150,6,80,168.27499999999998,10.9728,42.566877097975556,SOURCE_EXPLICIT,,SCHEDULE_MASTER_SELECTED_TOPOLOGY_WALL_DIFFERS,7.11,10.9728,false,DEFAULT-USAGE-000336,DEFAULT-USAGE-000337,DEFAULT-USAGE-000338,,DEFAULT-USAGE-000339,,DEFAULT-USAGE-000340,fnv1a64:57c5d55df2fa5028
POS-067,PE-000067,30060,30070,PIPE,"PIPE AUTO /ASIM-1885-6""-S8810112-91261M7-HC-01/B6 1","/ASIM-1885-6""-S8810112-91261M7-HC-01","/ASIM-1885-6""-S8810112-91261M7-HC-01/B6","/ASIM-1885-6""-S8810112-91261M7-HC-01/B6","PIPE AUTO /ASIM-1885-6""-S8810112-91261M7-HC-01/B6 1",150,6,80,168.27499999999998,10.9728,42.566877097975556,SOURCE_EXPLICIT,,SCHEDULE_MASTER_SELECTED_TOPOLOGY_WALL_DIFFERS,7.11,10.9728,false,DEFAULT-USAGE-000341,DEFAULT-USAGE-000342,DEFAULT-USAGE-000343,,DEFAULT-USAGE-000344,,DEFAULT-USAGE-000345,fnv1a64:dc2bf35564d88710
POS-068,PE-000068,30070,30040,PIPE,"PIPE AUTO /ASIM-1885-6""-S8810112-91261M7-HC-01/B6 1","/ASIM-1885-6""-S8810112-91261M7-HC-01","/ASIM-1885-6""-S8810112-91261M7-HC-01/B6","/ASIM-1885-6""-S8810112-91261M7-HC-01/B6","PIPE AUTO /ASIM-1885-6""-S8810112-91261M7-HC-01/B6 1",150,6,80,168.27499999999998,10.9728,42.566877097975556,SOURCE_EXPLICIT,,SCHEDULE_MASTER_SELECTED_TOPOLOGY_WALL_DIFFERS,7.11,10.9728,false,DEFAULT-USAGE-000346,DEFAULT-USAGE-000347,DEFAULT-USAGE-000348,,DEFAULT-USAGE-000349,,DEFAULT-USAGE-000350,fnv1a64:8aa39b0d81d9563b
POS-069,PE-000069,30040,30080,FLAN,FLAN =1006657924/39581,"/ASIM-1885-6""-S8810112-91261M7-HC-01","/ASIM-1885-6""-S8810112-91261M7-HC-01/B6","/ASIM-1885-6""-S8810112-91261M7-HC-01/B6",FLAN =1006657924/39581,150,6,80,168.27499999999998,10.9728,42.566877097975556,SOURCE_EXPLICIT,,SCHEDULE_MASTER_SELECTED_TOPOLOGY_WALL_DIFFERS,7.11,10.9728,false,DEFAULT-USAGE-000351,DEFAULT-USAGE-000352,DEFAULT-USAGE-000353,,DEFAULT-USAGE-000354,,DEFAULT-USAGE-000355,fnv1a64:bfbbe0baa9c197c9
POS-070,PE-000070,30080,10440,GASK,GASK =1006657924/39582,"/ASIM-1885-6""-S8810112-91261M7-HC-01","/ASIM-1885-6""-S8810112-91261M7-HC-01/B6","/ASIM-1885-6""-S8810112-91261M7-HC-01/B6",GASK =1006657924/39582,150,6,80,168.27499999999998,10.9728,42.566877097975556,SOURCE_EXPLICIT,,SCHEDULE_MASTER_SELECTED_TOPOLOGY_WALL_DIFFERS,7.11,10.9728,false,DEFAULT-USAGE-000356,DEFAULT-USAGE-000357,DEFAULT-USAGE-000358,,DEFAULT-USAGE-000359,,DEFAULT-USAGE-000360,fnv1a64:94c3a1c76f4b25f4
POS-071,PE-000071,10450,40020,PIPE,"PIPE AUTO /ASIM-1885-6""-S8810111-91261M7-HC-01/B1 HEAD","/ASIM-1885-6""-S8810111-91261M7-HC-01","/ASIM-1885-6""-S8810111-91261M7-HC-01/B1","/ASIM-1885-6""-S8810111-91261M7-HC-01/B1","PIPE AUTO /ASIM-1885-6""-S8810111-91261M7-HC-01/B1 HEAD",150,6,80,168.27499999999998,10.9728,42.566877097975556,SOURCE_EXPLICIT,,SCHEDULE_MASTER_SELECTED_TOPOLOGY_WALL_DIFFERS,7.11,10.9728,false,DEFAULT-USAGE-000361,DEFAULT-USAGE-000362,DEFAULT-USAGE-000363,,DEFAULT-USAGE-000364,,DEFAULT-USAGE-000365,fnv1a64:d1a7ec3fc6ad0733
POS-072,PE-000072,40020,40030,PIPE,"PIPE AUTO /ASIM-1885-6""-S8810111-91261M7-HC-01/B1 HEAD","/ASIM-1885-6""-S8810111-91261M7-HC-01","/ASIM-1885-6""-S8810111-91261M7-HC-01/B1","/ASIM-1885-6""-S8810111-91261M7-HC-01/B1","PIPE AUTO /ASIM-1885-6""-S8810111-91261M7-HC-01/B1 HEAD",150,6,80,168.27499999999998,10.9728,42.566877097975556,SOURCE_EXPLICIT,,SCHEDULE_MASTER_SELECTED_TOPOLOGY_WALL_DIFFERS,7.11,10.9728,false,DEFAULT-USAGE-000366,DEFAULT-USAGE-000367,DEFAULT-USAGE-000368,,DEFAULT-USAGE-000369,,DEFAULT-USAGE-000370,fnv1a64:3d43727788e832c0
POS-073,PE-000073,40030,40040,PIPE,"PIPE AUTO /ASIM-1885-6""-S8810111-91261M7-HC-01/B1 HEAD","/ASIM-1885-6""-S8810111-91261M7-HC-01","/ASIM-1885-6""-S8810111-91261M7-HC-01/B1","/ASIM-1885-6""-S8810111-91261M7-HC-01/B1","PIPE AUTO /ASIM-1885-6""-S8810111-91261M7-HC-01/B1 HEAD",150,6,80,168.27499999999998,10.9728,42.566877097975556,SOURCE_EXPLICIT,,SCHEDULE_MASTER_SELECTED_TOPOLOGY_WALL_DIFFERS,7.11,10.9728,false,DEFAULT-USAGE-000371,DEFAULT-USAGE-000372,DEFAULT-USAGE-000373,,DEFAULT-USAGE-000374,,DEFAULT-USAGE-000375,fnv1a64:dab775f259e1312e
POS-074,PE-000074,40040,40050,PIPE,"PIPE AUTO /ASIM-1885-6""-S8810111-91261M7-HC-01/B1 HEAD","/ASIM-1885-6""-S8810111-91261M7-HC-01","/ASIM-1885-6""-S8810111-91261M7-HC-01/B1","/ASIM-1885-6""-S8810111-91261M7-HC-01/B1","PIPE AUTO /ASIM-1885-6""-S8810111-91261M7-HC-01/B1 HEAD",150,6,80,168.27499999999998,10.9728,42.566877097975556,SOURCE_EXPLICIT,,SCHEDULE_MASTER_SELECTED_TOPOLOGY_WALL_DIFFERS,7.11,10.9728,false,DEFAULT-USAGE-000376,DEFAULT-USAGE-000377,DEFAULT-USAGE-000378,,DEFAULT-USAGE-000379,,DEFAULT-USAGE-000380,fnv1a64:07bfb272d9ecac8b
POS-075,PE-000075,40050,40010,PIPE,"PIPE AUTO /ASIM-1885-6""-S8810111-91261M7-HC-01/B1 HEAD","/ASIM-1885-6""-S8810111-91261M7-HC-01","/ASIM-1885-6""-S8810111-91261M7-HC-01/B1","/ASIM-1885-6""-S8810111-91261M7-HC-01/B1","PIPE AUTO /ASIM-1885-6""-S8810111-91261M7-HC-01/B1 HEAD",150,6,80,168.27499999999998,10.9728,42.566877097975556,SOURCE_EXPLICIT,,SCHEDULE_MASTER_SELECTED_TOPOLOGY_WALL_DIFFERS,7.11,10.9728,false,DEFAULT-USAGE-000381,DEFAULT-USAGE-000382,DEFAULT-USAGE-000383,,DEFAULT-USAGE-000384,,DEFAULT-USAGE-000385,fnv1a64:15e7b17407392041
POS-076,PE-000076,40010,40060,ELBO,ELBO =1006657924/39632,"/ASIM-1885-6""-S8810111-91261M7-HC-01","/ASIM-1885-6""-S8810111-91261M7-HC-01/B1","/ASIM-1885-6""-S8810111-91261M7-HC-01/B1",ELBO =1006657924/39632,150,6,80,168.27499999999998,10.9728,42.566877097975556,SOURCE_EXPLICIT,,SCHEDULE_MASTER_SELECTED_TOPOLOGY_WALL_DIFFERS,7.11,10.9728,false,DEFAULT-USAGE-000386,DEFAULT-USAGE-000387,DEFAULT-USAGE-000388,,DEFAULT-USAGE-000389,,DEFAULT-USAGE-000390,fnv1a64:cdd14f4b09d889c9
POS-077,PE-000077,40060,40070,ELBO,ELBO =1006657924/39632,"/ASIM-1885-6""-S8810111-91261M7-HC-01","/ASIM-1885-6""-S8810111-91261M7-HC-01/B1","/ASIM-1885-6""-S8810111-91261M7-HC-01/B1",ELBO =1006657924/39632,150,6,80,168.27499999999998,10.9728,42.566877097975556,SOURCE_EXPLICIT,,SCHEDULE_MASTER_SELECTED_TOPOLOGY_WALL_DIFFERS,7.11,10.9728,false,DEFAULT-USAGE-000391,DEFAULT-USAGE-000392,DEFAULT-USAGE-000393,,DEFAULT-USAGE-000394,,DEFAULT-USAGE-000395,fnv1a64:26d2d185934ddd1d
POS-078,PE-000078,40070,40080,PIPE,"PIPE AUTO /ASIM-1885-6""-S8810111-91261M7-HC-01/B1 1","/ASIM-1885-6""-S8810111-91261M7-HC-01","/ASIM-1885-6""-S8810111-91261M7-HC-01/B1","/ASIM-1885-6""-S8810111-91261M7-HC-01/B1","PIPE AUTO /ASIM-1885-6""-S8810111-91261M7-HC-01/B1 1",150,6,80,168.27499999999998,10.9728,42.566877097975556,SOURCE_EXPLICIT,,SCHEDULE_MASTER_SELECTED_TOPOLOGY_WALL_DIFFERS,7.11,10.9728,false,DEFAULT-USAGE-000396,DEFAULT-USAGE-000397,DEFAULT-USAGE-000398,,DEFAULT-USAGE-000399,,DEFAULT-USAGE-000400,fnv1a64:7775413137d49a68
POS-079,PE-000079,40080,40090,ELBO,ELBO =1006657924/39631,"/ASIM-1885-6""-S8810111-91261M7-HC-01","/ASIM-1885-6""-S8810111-91261M7-HC-01/B1","/ASIM-1885-6""-S8810111-91261M7-HC-01/B1",ELBO =1006657924/39631,150,6,80,168.27499999999998,10.9728,42.566877097975556,SOURCE_EXPLICIT,,SCHEDULE_MASTER_SELECTED_TOPOLOGY_WALL_DIFFERS,7.11,10.9728,false,DEFAULT-USAGE-000401,DEFAULT-USAGE-000402,DEFAULT-USAGE-000403,,DEFAULT-USAGE-000404,,DEFAULT-USAGE-000405,fnv1a64:51d806faa6e2cec8
POS-080,PE-000080,40090,40100,ELBO,ELBO =1006657924/39631,"/ASIM-1885-6""-S8810111-91261M7-HC-01","/ASIM-1885-6""-S8810111-91261M7-HC-01/B1","/ASIM-1885-6""-S8810111-91261M7-HC-01/B1",ELBO =1006657924/39631,150,6,80,168.27499999999998,10.9728,42.566877097975556,SOURCE_EXPLICIT,,SCHEDULE_MASTER_SELECTED_TOPOLOGY_WALL_DIFFERS,7.11,10.9728,false,DEFAULT-USAGE-000406,DEFAULT-USAGE-000407,DEFAULT-USAGE-000408,,DEFAULT-USAGE-000409,,DEFAULT-USAGE-000410,fnv1a64:61ffd3a4a5ac8d86
POS-081,PE-000081,40100,40110,PIPE,"PIPE AUTO /ASIM-1885-6""-S8810111-91261M7-HC-01/B1 2","/ASIM-1885-6""-S8810111-91261M7-HC-01","/ASIM-1885-6""-S8810111-91261M7-HC-01/B1","/ASIM-1885-6""-S8810111-91261M7-HC-01/B1","PIPE AUTO /ASIM-1885-6""-S8810111-91261M7-HC-01/B1 2",150,6,80,168.27499999999998,10.9728,42.566877097975556,SOURCE_EXPLICIT,,SCHEDULE_MASTER_SELECTED_TOPOLOGY_WALL_DIFFERS,7.11,10.9728,false,DEFAULT-USAGE-000411,DEFAULT-USAGE-000412,DEFAULT-USAGE-000413,,DEFAULT-USAGE-000414,,DEFAULT-USAGE-000415,fnv1a64:bdca1d56da38f47d
POS-082,PE-000082,40110,40120,ELBO,ELBO =1006649732/51415,"/ASIM-1885-6""-S8810111-91261M7-HC-01","/ASIM-1885-6""-S8810111-91261M7-HC-01/B1","/ASIM-1885-6""-S8810111-91261M7-HC-01/B1",ELBO =1006649732/51415,150,6,80,168.27499999999998,10.9728,42.566877097975556,SOURCE_EXPLICIT,,SCHEDULE_MASTER_SELECTED_TOPOLOGY_WALL_DIFFERS,7.11,10.9728,false,DEFAULT-USAGE-000416,DEFAULT-USAGE-000417,DEFAULT-USAGE-000418,,DEFAULT-USAGE-000419,,DEFAULT-USAGE-000420,fnv1a64:7ca9faee6c8e6eda
POS-083,PE-000083,40120,40130,ELBO,ELBO =1006649732/51415,"/ASIM-1885-6""-S8810111-91261M7-HC-01","/ASIM-1885-6""-S8810111-91261M7-HC-01/B1","/ASIM-1885-6""-S8810111-91261M7-HC-01/B1",ELBO =1006649732/51415,150,6,80,168.27499999999998,10.9728,42.566877097975556,SOURCE_EXPLICIT,,SCHEDULE_MASTER_SELECTED_TOPOLOGY_WALL_DIFFERS,7.11,10.9728,false,DEFAULT-USAGE-000421,DEFAULT-USAGE-000422,DEFAULT-USAGE-000423,,DEFAULT-USAGE-000424,,DEFAULT-USAGE-000425,fnv1a64:fc69fb626ee79fba
POS-084,PE-000084,40130,40140,PIPE,"PIPE AUTO /ASIM-1885-6""-S8810111-91261M7-HC-01/B1 3","/ASIM-1885-6""-S8810111-91261M7-HC-01","/ASIM-1885-6""-S8810111-91261M7-HC-01/B1","/ASIM-1885-6""-S8810111-91261M7-HC-01/B1","PIPE AUTO /ASIM-1885-6""-S8810111-91261M7-HC-01/B1 3",150,6,80,168.27499999999998,10.9728,42.566877097975556,SOURCE_EXPLICIT,,SCHEDULE_MASTER_SELECTED_TOPOLOGY_WALL_DIFFERS,7.11,10.9728,false,DEFAULT-USAGE-000426,DEFAULT-USAGE-000427,DEFAULT-USAGE-000428,,DEFAULT-USAGE-000429,,DEFAULT-USAGE-000430,fnv1a64:407be32f2a52fe66
POS-085,PE-000085,40140,40150,ELBO,ELBO =1006690692/2,"/ASIM-1885-6""-S8810111-91261M7-HC-01","/ASIM-1885-6""-S8810111-91261M7-HC-01/B1","/ASIM-1885-6""-S8810111-91261M7-HC-01/B1",ELBO =1006690692/2,150,6,80,168.27499999999998,10.9728,42.566877097975556,SOURCE_EXPLICIT,,SCHEDULE_MASTER_SELECTED_TOPOLOGY_WALL_DIFFERS,7.11,10.9728,false,DEFAULT-USAGE-000431,DEFAULT-USAGE-000432,DEFAULT-USAGE-000433,,DEFAULT-USAGE-000434,,DEFAULT-USAGE-000435,fnv1a64:b25d31c0c41afdd4
POS-086,PE-000086,40150,40160,ELBO,ELBO =1006690692/2,"/ASIM-1885-6""-S8810111-91261M7-HC-01","/ASIM-1885-6""-S8810111-91261M7-HC-01/B1","/ASIM-1885-6""-S8810111-91261M7-HC-01/B1",ELBO =1006690692/2,150,6,80,168.27499999999998,10.9728,42.566877097975556,SOURCE_EXPLICIT,,SCHEDULE_MASTER_SELECTED_TOPOLOGY_WALL_DIFFERS,7.11,10.9728,false,DEFAULT-USAGE-000436,DEFAULT-USAGE-000437,DEFAULT-USAGE-000438,,DEFAULT-USAGE-000439,,DEFAULT-USAGE-000440,fnv1a64:8156c4932ec92f9f
POS-087,PE-000087,40160,40170,PIPE,"PIPE AUTO /ASIM-1885-6""-S8810111-91261M7-HC-01/B1 TAIL","/ASIM-1885-6""-S8810111-91261M7-HC-01","/ASIM-1885-6""-S8810111-91261M7-HC-01/B1","/ASIM-1885-6""-S8810111-91261M7-HC-01/B1","PIPE AUTO /ASIM-1885-6""-S8810111-91261M7-HC-01/B1 TAIL",150,6,80,168.27499999999998,10.9728,42.566877097975556,SOURCE_EXPLICIT,,SCHEDULE_MASTER_SELECTED_TOPOLOGY_WALL_DIFFERS,7.11,10.9728,false,DEFAULT-USAGE-000441,DEFAULT-USAGE-000442,DEFAULT-USAGE-000443,,DEFAULT-USAGE-000444,,DEFAULT-USAGE-000445,fnv1a64:17130523f18a434e
POS-088,PE-000088,40170,10010,PIPE,"PIPE AUTO /ASIM-1885-6""-S8810111-91261M7-HC-01/B1 TAIL","/ASIM-1885-6""-S8810111-91261M7-HC-01","/ASIM-1885-6""-S8810111-91261M7-HC-01/B1","/ASIM-1885-6""-S8810111-91261M7-HC-01/B1","PIPE AUTO /ASIM-1885-6""-S8810111-91261M7-HC-01/B1 TAIL",150,6,80,168.27499999999998,10.9728,42.566877097975556,SOURCE_EXPLICIT,,SCHEDULE_MASTER_SELECTED_TOPOLOGY_WALL_DIFFERS,7.11,10.9728,false,DEFAULT-USAGE-000446,DEFAULT-USAGE-000447,DEFAULT-USAGE-000448,,DEFAULT-USAGE-000449,,DEFAULT-USAGE-000450,fnv1a64:5e0b63e64aad7fb1
POS-089,PE-000089,10460,50010,TEE,TEE =1006690692/1,"/ASIM-1885-6""-S8810111-91261M7-HC-01","/ASIM-1885-6""-S8810111-91261M7-HC-01/B2","/ASIM-1885-6""-S8810111-91261M7-HC-01/B2",TEE =1006690692/1,150,6,80,168.27499999999998,10.9728,42.566877097975556,SOURCE_EXPLICIT,,SCHEDULE_MASTER_SELECTED_TOPOLOGY_WALL_DIFFERS,7.11,10.9728,false,DEFAULT-USAGE-000451,DEFAULT-USAGE-000452,DEFAULT-USAGE-000453,,DEFAULT-USAGE-000454,,DEFAULT-USAGE-000455,fnv1a64:a5a0aa0d26397335
POS-090,PE-000090,50010,50020,TEE,TEE =1006690692/1,"/ASIM-1885-6""-S8810111-91261M7-HC-01","/ASIM-1885-6""-S8810111-91261M7-HC-01/B2","/ASIM-1885-6""-S8810111-91261M7-HC-01/B2",TEE =1006690692/1,150,6,80,168.27499999999998,10.9728,42.566877097975556,SOURCE_EXPLICIT,,SCHEDULE_MASTER_SELECTED_TOPOLOGY_WALL_DIFFERS,7.11,10.9728,false,DEFAULT-USAGE-000456,DEFAULT-USAGE-000457,DEFAULT-USAGE-000458,,DEFAULT-USAGE-000459,,DEFAULT-USAGE-000460,fnv1a64:1436a722d9de360f
POS-091,PE-000091,50020,50040,PIPE,"PIPE AUTO /ASIM-1885-6""-S8810111-91261M7-HC-01/B2 1","/ASIM-1885-6""-S8810111-91261M7-HC-01","/ASIM-1885-6""-S8810111-91261M7-HC-01/B2","/ASIM-1885-6""-S8810111-91261M7-HC-01/B2","PIPE AUTO /ASIM-1885-6""-S8810111-91261M7-HC-01/B2 1",150,6,80,168.27499999999998,10.9728,42.566877097975556,SOURCE_EXPLICIT,,SCHEDULE_MASTER_SELECTED_TOPOLOGY_WALL_DIFFERS,7.11,10.9728,false,DEFAULT-USAGE-000461,DEFAULT-USAGE-000462,DEFAULT-USAGE-000463,,DEFAULT-USAGE-000464,,DEFAULT-USAGE-000465,fnv1a64:3777b7b845abdbf4
POS-092,PE-000092,50040,50030,PIPE,"PIPE AUTO /ASIM-1885-6""-S8810111-91261M7-HC-01/B2 1","/ASIM-1885-6""-S8810111-91261M7-HC-01","/ASIM-1885-6""-S8810111-91261M7-HC-01/B2","/ASIM-1885-6""-S8810111-91261M7-HC-01/B2","PIPE AUTO /ASIM-1885-6""-S8810111-91261M7-HC-01/B2 1",150,6,80,168.27499999999998,10.9728,42.566877097975556,SOURCE_EXPLICIT,,SCHEDULE_MASTER_SELECTED_TOPOLOGY_WALL_DIFFERS,7.11,10.9728,false,DEFAULT-USAGE-000466,DEFAULT-USAGE-000467,DEFAULT-USAGE-000468,,DEFAULT-USAGE-000469,,DEFAULT-USAGE-000470,fnv1a64:a6dbc0620ba6047f
POS-093,PE-000093,50030,50050,ELBO,ELBO =1006649732/51207,"/ASIM-1885-6""-S8810111-91261M7-HC-01","/ASIM-1885-6""-S8810111-91261M7-HC-01/B2","/ASIM-1885-6""-S8810111-91261M7-HC-01/B2",ELBO =1006649732/51207,150,6,80,168.27499999999998,10.9728,42.566877097975556,SOURCE_EXPLICIT,,SCHEDULE_MASTER_SELECTED_TOPOLOGY_WALL_DIFFERS,7.11,10.9728,false,DEFAULT-USAGE-000471,DEFAULT-USAGE-000472,DEFAULT-USAGE-000473,,DEFAULT-USAGE-000474,,DEFAULT-USAGE-000475,fnv1a64:80e7999ddafc4873
POS-094,PE-000094,50050,50060,ELBO,ELBO =1006649732/51207,"/ASIM-1885-6""-S8810111-91261M7-HC-01","/ASIM-1885-6""-S8810111-91261M7-HC-01/B2","/ASIM-1885-6""-S8810111-91261M7-HC-01/B2",ELBO =1006649732/51207,150,6,80,168.27499999999998,10.9728,42.566877097975556,SOURCE_EXPLICIT,,SCHEDULE_MASTER_SELECTED_TOPOLOGY_WALL_DIFFERS,7.11,10.9728,false,DEFAULT-USAGE-000476,DEFAULT-USAGE-000477,DEFAULT-USAGE-000478,,DEFAULT-USAGE-000479,,DEFAULT-USAGE-000480,fnv1a64:4e813c2592f73586
POS-095,PE-000095,50060,50070,PIPE,"PIPE AUTO /ASIM-1885-6""-S8810111-91261M7-HC-01/B2 2","/ASIM-1885-6""-S8810111-91261M7-HC-01","/ASIM-1885-6""-S8810111-91261M7-HC-01/B2","/ASIM-1885-6""-S8810111-91261M7-HC-01/B2","PIPE AUTO /ASIM-1885-6""-S8810111-91261M7-HC-01/B2 2",150,6,80,168.27499999999998,10.9728,42.566877097975556,SOURCE_EXPLICIT,,SCHEDULE_MASTER_SELECTED_TOPOLOGY_WALL_DIFFERS,7.11,10.9728,false,DEFAULT-USAGE-000481,DEFAULT-USAGE-000482,DEFAULT-USAGE-000483,,DEFAULT-USAGE-000484,,DEFAULT-USAGE-000485,fnv1a64:09aef6dc0d0a5c0f
POS-096,PE-000096,50070,50080,ELBO,ELBO =1006649732/51208,"/ASIM-1885-6""-S8810111-91261M7-HC-01","/ASIM-1885-6""-S8810111-91261M7-HC-01/B2","/ASIM-1885-6""-S8810111-91261M7-HC-01/B2",ELBO =1006649732/51208,150,6,80,168.27499999999998,10.9728,42.566877097975556,SOURCE_EXPLICIT,,SCHEDULE_MASTER_SELECTED_TOPOLOGY_WALL_DIFFERS,7.11,10.9728,false,DEFAULT-USAGE-000486,DEFAULT-USAGE-000487,DEFAULT-USAGE-000488,,DEFAULT-USAGE-000489,,DEFAULT-USAGE-000490,fnv1a64:e48454f1e939416a
POS-097,PE-000097,50080,50090,ELBO,ELBO =1006649732/51208,"/ASIM-1885-6""-S8810111-91261M7-HC-01","/ASIM-1885-6""-S8810111-91261M7-HC-01/B2","/ASIM-1885-6""-S8810111-91261M7-HC-01/B2",ELBO =1006649732/51208,150,6,80,168.27499999999998,10.9728,42.566877097975556,SOURCE_EXPLICIT,,SCHEDULE_MASTER_SELECTED_TOPOLOGY_WALL_DIFFERS,7.11,10.9728,false,DEFAULT-USAGE-000491,DEFAULT-USAGE-000492,DEFAULT-USAGE-000493,,DEFAULT-USAGE-000494,,DEFAULT-USAGE-000495,fnv1a64:b97868509fb23068
POS-098,PE-000098,50090,50110,PIPE,"PIPE AUTO /ASIM-1885-6""-S8810111-91261M7-HC-01/B2 3","/ASIM-1885-6""-S8810111-91261M7-HC-01","/ASIM-1885-6""-S8810111-91261M7-HC-01/B2","/ASIM-1885-6""-S8810111-91261M7-HC-01/B2","PIPE AUTO /ASIM-1885-6""-S8810111-91261M7-HC-01/B2 3",150,6,80,168.27499999999998,10.9728,42.566877097975556,SOURCE_EXPLICIT,,SCHEDULE_MASTER_SELECTED_TOPOLOGY_WALL_DIFFERS,7.11,10.9728,false,DEFAULT-USAGE-000496,DEFAULT-USAGE-000497,DEFAULT-USAGE-000498,,DEFAULT-USAGE-000499,,DEFAULT-USAGE-000500,fnv1a64:71e8a5ac4a8369b2
POS-099,PE-000099,50110,50120,PIPE,"PIPE AUTO /ASIM-1885-6""-S8810111-91261M7-HC-01/B2 3","/ASIM-1885-6""-S8810111-91261M7-HC-01","/ASIM-1885-6""-S8810111-91261M7-HC-01/B2","/ASIM-1885-6""-S8810111-91261M7-HC-01/B2","PIPE AUTO /ASIM-1885-6""-S8810111-91261M7-HC-01/B2 3",150,6,80,168.27499999999998,10.9728,42.566877097975556,SOURCE_EXPLICIT,,SCHEDULE_MASTER_SELECTED_TOPOLOGY_WALL_DIFFERS,7.11,10.9728,false,DEFAULT-USAGE-000501,DEFAULT-USAGE-000502,DEFAULT-USAGE-000503,,DEFAULT-USAGE-000504,,DEFAULT-USAGE-000505,fnv1a64:c300856f15726b74
POS-100,PE-000100,50120,50130,PIPE,"PIPE AUTO /ASIM-1885-6""-S8810111-91261M7-HC-01/B2 3","/ASIM-1885-6""-S8810111-91261M7-HC-01","/ASIM-1885-6""-S8810111-91261M7-HC-01/B2","/ASIM-1885-6""-S8810111-91261M7-HC-01/B2","PIPE AUTO /ASIM-1885-6""-S8810111-91261M7-HC-01/B2 3",150,6,80,168.27499999999998,10.9728,42.566877097975556,SOURCE_EXPLICIT,,SCHEDULE_MASTER_SELECTED_TOPOLOGY_WALL_DIFFERS,7.11,10.9728,false,DEFAULT-USAGE-000506,DEFAULT-USAGE-000507,DEFAULT-USAGE-000508,,DEFAULT-USAGE-000509,,DEFAULT-USAGE-000510,fnv1a64:da219b6ca03655f7
POS-101,PE-000101,50130,50140,PIPE,"PIPE AUTO /ASIM-1885-6""-S8810111-91261M7-HC-01/B2 3","/ASIM-1885-6""-S8810111-91261M7-HC-01","/ASIM-1885-6""-S8810111-91261M7-HC-01/B2","/ASIM-1885-6""-S8810111-91261M7-HC-01/B2","PIPE AUTO /ASIM-1885-6""-S8810111-91261M7-HC-01/B2 3",150,6,80,168.27499999999998,10.9728,42.566877097975556,SOURCE_EXPLICIT,,SCHEDULE_MASTER_SELECTED_TOPOLOGY_WALL_DIFFERS,7.11,10.9728,false,DEFAULT-USAGE-000511,DEFAULT-USAGE-000512,DEFAULT-USAGE-000513,,DEFAULT-USAGE-000514,,DEFAULT-USAGE-000515,fnv1a64:774fd5fa9d3d8ceb
POS-102,PE-000102,50140,50100,PIPE,"PIPE AUTO /ASIM-1885-6""-S8810111-91261M7-HC-01/B2 3","/ASIM-1885-6""-S8810111-91261M7-HC-01","/ASIM-1885-6""-S8810111-91261M7-HC-01/B2","/ASIM-1885-6""-S8810111-91261M7-HC-01/B2","PIPE AUTO /ASIM-1885-6""-S8810111-91261M7-HC-01/B2 3",150,6,80,168.27499999999998,10.9728,42.566877097975556,SOURCE_EXPLICIT,,SCHEDULE_MASTER_SELECTED_TOPOLOGY_WALL_DIFFERS,7.11,10.9728,false,DEFAULT-USAGE-000516,DEFAULT-USAGE-000517,DEFAULT-USAGE-000518,,DEFAULT-USAGE-000519,,DEFAULT-USAGE-000520,fnv1a64:25cf24d43cf08dcc
POS-103,PE-000103,50100,50150,ELBO,ELBO =1006649732/51226,"/ASIM-1885-6""-S8810111-91261M7-HC-01","/ASIM-1885-6""-S8810111-91261M7-HC-01/B2","/ASIM-1885-6""-S8810111-91261M7-HC-01/B2",ELBO =1006649732/51226,150,6,80,168.27499999999998,10.9728,42.566877097975556,SOURCE_EXPLICIT,,SCHEDULE_MASTER_SELECTED_TOPOLOGY_WALL_DIFFERS,7.11,10.9728,false,DEFAULT-USAGE-000521,DEFAULT-USAGE-000522,DEFAULT-USAGE-000523,,DEFAULT-USAGE-000524,,DEFAULT-USAGE-000525,fnv1a64:0ec05e69e9359d27
POS-104,PE-000104,50150,10450,ELBO,ELBO =1006649732/51226,"/ASIM-1885-6""-S8810111-91261M7-HC-01","/ASIM-1885-6""-S8810111-91261M7-HC-01/B2","/ASIM-1885-6""-S8810111-91261M7-HC-01/B2",ELBO =1006649732/51226,150,6,80,168.27499999999998,10.9728,42.566877097975556,SOURCE_EXPLICIT,,SCHEDULE_MASTER_SELECTED_TOPOLOGY_WALL_DIFFERS,7.11,10.9728,false,DEFAULT-USAGE-000526,DEFAULT-USAGE-000527,DEFAULT-USAGE-000528,,DEFAULT-USAGE-000529,,DEFAULT-USAGE-000530,fnv1a64:0275377cdc0c882a
POS-105,PE-000105,10470,60010,ELBO,ELBO =1006649732/51428,S8810103,"/ASIM-1885-8""-S8810103-91261M7-HC-01/B1","/ASIM-1885-8""-S8810103-91261M7-HC-01/B1",ELBO =1006649732/51428,200,8,100,219.075,15.0876,75.90021979881027,PROJECT_CONFIGURED_DEFAULT,DEFAULT-USAGE-000531,SCHEDULE_MASTER_COVERAGE_MISSING_CONFIG_REQUIRED,12.7,,,,DEFAULT-USAGE-000532,DEFAULT-USAGE-000533,,DEFAULT-USAGE-000534,,DEFAULT-USAGE-000535,fnv1a64:15fa4ae00403f13a
POS-106,PE-000106,60010,60020,ELBO,ELBO =1006649732/51428,S8810103,"/ASIM-1885-8""-S8810103-91261M7-HC-01/B1","/ASIM-1885-8""-S8810103-91261M7-HC-01/B1",ELBO =1006649732/51428,200,8,100,219.075,15.0876,75.90021979881027,PROJECT_CONFIGURED_DEFAULT,DEFAULT-USAGE-000536,SCHEDULE_MASTER_COVERAGE_MISSING_CONFIG_REQUIRED,12.7,,,,DEFAULT-USAGE-000537,DEFAULT-USAGE-000538,,DEFAULT-USAGE-000539,,DEFAULT-USAGE-000540,fnv1a64:983bf1ef18cc76b0
POS-107,PE-000107,60020,60030,PIPE,"PIPE AUTO /ASIM-1885-8""-S8810103-91261M7-HC-01/B1 1",S8810103,"/ASIM-1885-8""-S8810103-91261M7-HC-01/B1","/ASIM-1885-8""-S8810103-91261M7-HC-01/B1","PIPE AUTO /ASIM-1885-8""-S8810103-91261M7-HC-01/B1 1",200,8,100,219.075,15.0876,75.90021979881027,PROJECT_CONFIGURED_DEFAULT,DEFAULT-USAGE-000541,SCHEDULE_MASTER_COVERAGE_MISSING_CONFIG_REQUIRED,12.7,,,,DEFAULT-USAGE-000542,DEFAULT-USAGE-000543,,DEFAULT-USAGE-000544,,DEFAULT-USAGE-000545,fnv1a64:9d45619e10d40445
POS-108,PE-000108,60030,60040,ELBO,ELBO =1006649732/51429,S8810103,"/ASIM-1885-8""-S8810103-91261M7-HC-01/B1","/ASIM-1885-8""-S8810103-91261M7-HC-01/B1",ELBO =1006649732/51429,200,8,100,219.075,15.0876,75.90021979881027,PROJECT_CONFIGURED_DEFAULT,DEFAULT-USAGE-000546,SCHEDULE_MASTER_COVERAGE_MISSING_CONFIG_REQUIRED,12.7,,,,DEFAULT-USAGE-000547,DEFAULT-USAGE-000548,,DEFAULT-USAGE-000549,,DEFAULT-USAGE-000550,fnv1a64:cc2d6d90d2eb7f78
POS-109,PE-000109,60040,60050,ELBO,ELBO =1006649732/51429,S8810103,"/ASIM-1885-8""-S8810103-91261M7-HC-01/B1","/ASIM-1885-8""-S8810103-91261M7-HC-01/B1",ELBO =1006649732/51429,200,8,100,219.075,15.0876,75.90021979881027,PROJECT_CONFIGURED_DEFAULT,DEFAULT-USAGE-000551,SCHEDULE_MASTER_COVERAGE_MISSING_CONFIG_REQUIRED,12.7,,,,DEFAULT-USAGE-000552,DEFAULT-USAGE-000553,,DEFAULT-USAGE-000554,,DEFAULT-USAGE-000555,fnv1a64:fc3c2ad7a0753edb
POS-110,PE-000110,60050,60070,PIPE,"PIPE AUTO /ASIM-1885-8""-S8810103-91261M7-HC-01/B1 2",S8810103,"/ASIM-1885-8""-S8810103-91261M7-HC-01/B1","/ASIM-1885-8""-S8810103-91261M7-HC-01/B1","PIPE AUTO /ASIM-1885-8""-S8810103-91261M7-HC-01/B1 2",200,8,100,219.075,15.0876,75.90021979881027,PROJECT_CONFIGURED_DEFAULT,DEFAULT-USAGE-000556,SCHEDULE_MASTER_COVERAGE_MISSING_CONFIG_REQUIRED,12.7,,,,DEFAULT-USAGE-000557,DEFAULT-USAGE-000558,,DEFAULT-USAGE-000559,,DEFAULT-USAGE-000560,fnv1a64:c81e1d7b51fc9dac
POS-111,PE-000111,60070,60080,PIPE,"PIPE AUTO /ASIM-1885-8""-S8810103-91261M7-HC-01/B1 2",S8810103,"/ASIM-1885-8""-S8810103-91261M7-HC-01/B1","/ASIM-1885-8""-S8810103-91261M7-HC-01/B1","PIPE AUTO /ASIM-1885-8""-S8810103-91261M7-HC-01/B1 2",200,8,100,219.075,15.0876,75.90021979881027,PROJECT_CONFIGURED_DEFAULT,DEFAULT-USAGE-000561,SCHEDULE_MASTER_COVERAGE_MISSING_CONFIG_REQUIRED,12.7,,,,DEFAULT-USAGE-000562,DEFAULT-USAGE-000563,,DEFAULT-USAGE-000564,,DEFAULT-USAGE-000565,fnv1a64:4b9389065a6f9eb7
POS-112,PE-000112,60080,60060,PIPE,"PIPE AUTO /ASIM-1885-8""-S8810103-91261M7-HC-01/B1 2",S8810103,"/ASIM-1885-8""-S8810103-91261M7-HC-01/B1","/ASIM-1885-8""-S8810103-91261M7-HC-01/B1","PIPE AUTO /ASIM-1885-8""-S8810103-91261M7-HC-01/B1 2",200,8,100,219.075,15.0876,75.90021979881027,PROJECT_CONFIGURED_DEFAULT,DEFAULT-USAGE-000566,SCHEDULE_MASTER_COVERAGE_MISSING_CONFIG_REQUIRED,12.7,,,,DEFAULT-USAGE-000567,DEFAULT-USAGE-000568,,DEFAULT-USAGE-000569,,DEFAULT-USAGE-000570,fnv1a64:109575216e91f9db
POS-113,PE-000113,60060,60090,FLAN,FLAN =1006649732/51439,S8810103,"/ASIM-1885-8""-S8810103-91261M7-HC-01/B1","/ASIM-1885-8""-S8810103-91261M7-HC-01/B1",FLAN =1006649732/51439,200,8,100,219.075,15.0876,75.90021979881027,PROJECT_CONFIGURED_DEFAULT,DEFAULT-USAGE-000571,SCHEDULE_MASTER_COVERAGE_MISSING_CONFIG_REQUIRED,12.7,,,,DEFAULT-USAGE-000572,DEFAULT-USAGE-000573,,DEFAULT-USAGE-000574,,DEFAULT-USAGE-000575,fnv1a64:817660f2dcb400d0
POS-114,PE-000114,60090,10480,GASK,GASK =1006649732/51440,S8810103,"/ASIM-1885-8""-S8810103-91261M7-HC-01/B1","/ASIM-1885-8""-S8810103-91261M7-HC-01/B1",GASK =1006649732/51440,200,8,100,219.075,15.0876,75.90021979881027,PROJECT_CONFIGURED_DEFAULT,DEFAULT-USAGE-000576,SCHEDULE_MASTER_COVERAGE_MISSING_CONFIG_REQUIRED,12.7,,,,DEFAULT-USAGE-000577,DEFAULT-USAGE-000578,,DEFAULT-USAGE-000579,,DEFAULT-USAGE-000580,fnv1a64:97e5ef7a6a2d5e48
POS-115,PE-000115,10490,70010,GASK,GASK =1006649732/51443,S8810101,"/ASIM-1885-10""-S8810101-91261M7-HC-01/B1","/ASIM-1885-10""-S8810101-91261M7-HC-01/B1",GASK =1006649732/51443,250,10,100,273.05,18.2626,114.75195242017607,PROJECT_CONFIGURED_DEFAULT,DEFAULT-USAGE-000581,SCHEDULE_MASTER_COVERAGE_MISSING_CONFIG_REQUIRED,15.09,,,,DEFAULT-USAGE-000582,DEFAULT-USAGE-000583,,DEFAULT-USAGE-000584,,DEFAULT-USAGE-000585,fnv1a64:d7a289994794fa83
POS-116,PE-000116,70010,70020,FLAN,FLAN =1006649732/51444,S8810101,"/ASIM-1885-10""-S8810101-91261M7-HC-01/B1","/ASIM-1885-10""-S8810101-91261M7-HC-01/B1",FLAN =1006649732/51444,250,10,100,273.05,18.2626,114.75195242017607,PROJECT_CONFIGURED_DEFAULT,DEFAULT-USAGE-000586,SCHEDULE_MASTER_COVERAGE_MISSING_CONFIG_REQUIRED,15.09,,,,DEFAULT-USAGE-000587,DEFAULT-USAGE-000588,,DEFAULT-USAGE-000589,,DEFAULT-USAGE-000590,fnv1a64:4e816fa8d2f01887
POS-117,PE-000117,70020,70040,PIPE,"PIPE AUTO /ASIM-1885-10""-S8810101-91261M7-HC-01/B1 1",S8810101,"/ASIM-1885-10""-S8810101-91261M7-HC-01/B1","/ASIM-1885-10""-S8810101-91261M7-HC-01/B1","PIPE AUTO /ASIM-1885-10""-S8810101-91261M7-HC-01/B1 1",250,10,100,273.05,18.2626,114.75195242017607,PROJECT_CONFIGURED_DEFAULT,DEFAULT-USAGE-000591,SCHEDULE_MASTER_COVERAGE_MISSING_CONFIG_REQUIRED,15.09,,,,DEFAULT-USAGE-000592,DEFAULT-USAGE-000593,,DEFAULT-USAGE-000594,,DEFAULT-USAGE-000595,fnv1a64:e800343b8e910efa
POS-118,PE-000118,70040,70050,PIPE,"PIPE AUTO /ASIM-1885-10""-S8810101-91261M7-HC-01/B1 1",S8810101,"/ASIM-1885-10""-S8810101-91261M7-HC-01/B1","/ASIM-1885-10""-S8810101-91261M7-HC-01/B1","PIPE AUTO /ASIM-1885-10""-S8810101-91261M7-HC-01/B1 1",250,10,100,273.05,18.2626,114.75195242017607,PROJECT_CONFIGURED_DEFAULT,DEFAULT-USAGE-000596,SCHEDULE_MASTER_COVERAGE_MISSING_CONFIG_REQUIRED,15.09,,,,DEFAULT-USAGE-000597,DEFAULT-USAGE-000598,,DEFAULT-USAGE-000599,,DEFAULT-USAGE-000600,fnv1a64:f1cc5035290902d5
POS-119,PE-000119,70050,70030,PIPE,"PIPE AUTO /ASIM-1885-10""-S8810101-91261M7-HC-01/B1 1",S8810101,"/ASIM-1885-10""-S8810101-91261M7-HC-01/B1","/ASIM-1885-10""-S8810101-91261M7-HC-01/B1","PIPE AUTO /ASIM-1885-10""-S8810101-91261M7-HC-01/B1 1",250,10,100,273.05,18.2626,114.75195242017607,PROJECT_CONFIGURED_DEFAULT,DEFAULT-USAGE-000601,SCHEDULE_MASTER_COVERAGE_MISSING_CONFIG_REQUIRED,15.09,,,,DEFAULT-USAGE-000602,DEFAULT-USAGE-000603,,DEFAULT-USAGE-000604,,DEFAULT-USAGE-000605,fnv1a64:30d049dbb82fde1e
POS-120,PE-000120,70030,70060,ELBO,ELBO =1006649732/51454,S8810101,"/ASIM-1885-10""-S8810101-91261M7-HC-01/B1","/ASIM-1885-10""-S8810101-91261M7-HC-01/B1",ELBO =1006649732/51454,250,10,100,273.05,18.2626,114.75195242017607,PROJECT_CONFIGURED_DEFAULT,DEFAULT-USAGE-000606,SCHEDULE_MASTER_COVERAGE_MISSING_CONFIG_REQUIRED,15.09,,,,DEFAULT-USAGE-000607,DEFAULT-USAGE-000608,,DEFAULT-USAGE-000609,,DEFAULT-USAGE-000610,fnv1a64:9ed4a46ed374a6af
POS-121,PE-000121,70060,70070,ELBO,ELBO =1006649732/51454,S8810101,"/ASIM-1885-10""-S8810101-91261M7-HC-01/B1","/ASIM-1885-10""-S8810101-91261M7-HC-01/B1",ELBO =1006649732/51454,250,10,100,273.05,18.2626,114.75195242017607,PROJECT_CONFIGURED_DEFAULT,DEFAULT-USAGE-000611,SCHEDULE_MASTER_COVERAGE_MISSING_CONFIG_REQUIRED,15.09,,,,DEFAULT-USAGE-000612,DEFAULT-USAGE-000613,,DEFAULT-USAGE-000614,,DEFAULT-USAGE-000615,fnv1a64:1e3f71177e718510
POS-122,PE-000122,70070,70080,PIPE,"PIPE AUTO /ASIM-1885-10""-S8810101-91261M7-HC-01/B1 2",S8810101,"/ASIM-1885-10""-S8810101-91261M7-HC-01/B1","/ASIM-1885-10""-S8810101-91261M7-HC-01/B1","PIPE AUTO /ASIM-1885-10""-S8810101-91261M7-HC-01/B1 2",250,10,80,273.05,12.7,81.54190107376482,SOURCE_EXPLICIT,,SCHEDULE_MASTER_SELECTED_TOPOLOGY_WALL_DIFFERS,15.09,12.7,false,,DEFAULT-USAGE-000616,DEFAULT-USAGE-000617,,DEFAULT-USAGE-000618,,DEFAULT-USAGE-000619,fnv1a64:3cff777026b84c56
POS-123,PE-000123,70080,70090,PIPE,"PIPE AUTO /ASIM-1885-10""-S8810101-91261M7-HC-01/B1 3",S8810101,"/ASIM-1885-10""-S8810101-91261M7-HC-01/B1","/ASIM-1885-10""-S8810101-91261M7-HC-01/B1","PIPE AUTO /ASIM-1885-10""-S8810101-91261M7-HC-01/B1 3",250,10,80,273.05,12.7,81.54190107376482,SOURCE_EXPLICIT,,SCHEDULE_MASTER_SELECTED_TOPOLOGY_WALL_DIFFERS,15.09,12.7,false,,DEFAULT-USAGE-000620,DEFAULT-USAGE-000621,,DEFAULT-USAGE-000622,,DEFAULT-USAGE-000623,fnv1a64:6aee6e767b076466
POS-124,PE-000124,70090,10500,PIPE,"PIPE AUTO /ASIM-1885-10""-S8810101-91261M7-HC-01/B1 TAIL",S8810101,"/ASIM-1885-10""-S8810101-91261M7-HC-01/B1","/ASIM-1885-10""-S8810101-91261M7-HC-01/B1","PIPE AUTO /ASIM-1885-10""-S8810101-91261M7-HC-01/B1 TAIL",250,10,80,273.05,12.7,81.54190107376482,SOURCE_EXPLICIT,,SCHEDULE_MASTER_SELECTED_TOPOLOGY_WALL_DIFFERS,15.09,12.7,false,,DEFAULT-USAGE-000624,DEFAULT-USAGE-000625,,DEFAULT-USAGE-000626,,DEFAULT-USAGE-000627,fnv1a64:f819e7f7b0adb831
POS-125,PE-000125,10510,80010,FLAN,FLAN =1006649732/51458,S8810101,"/ASIM-1885-10""-S8810101-91261M7-HC-01/B2","/ASIM-1885-10""-S8810101-91261M7-HC-01/B2",FLAN =1006649732/51458,50,2,80,60.324999999999996,5.5371999999999995,7.48158477547554,SOURCE_EXPLICIT,,SCHEDULE_MASTER_SELECTED_TOPOLOGY_WALL_DIFFERS,3.91,5.5371999999999995,false,DEFAULT-USAGE-000628,DEFAULT-USAGE-000629,DEFAULT-USAGE-000630,,DEFAULT-USAGE-000631,,DEFAULT-USAGE-000632,fnv1a64:edd4d2b3f8e1dbfe
POS-126,PE-000126,80010,80020,GASK,GASK =1006649732/51459,S8810101,"/ASIM-1885-10""-S8810101-91261M7-HC-01/B2","/ASIM-1885-10""-S8810101-91261M7-HC-01/B2",GASK =1006649732/51459,50,2,80,60.324999999999996,5.5371999999999995,7.48158477547554,SOURCE_EXPLICIT,,SCHEDULE_MASTER_SELECTED_TOPOLOGY_WALL_DIFFERS,3.91,5.5371999999999995,false,DEFAULT-USAGE-000633,DEFAULT-USAGE-000634,DEFAULT-USAGE-000635,,DEFAULT-USAGE-000636,,DEFAULT-USAGE-000637,fnv1a64:7ab76a21a4f85459
POS-127,PE-000127,80020,80030,PIPE,"PIPE AUTO /ASIM-1885-10""-S8810101-91261M7-HC-01/B2 1",S8810101,"/ASIM-1885-10""-S8810101-91261M7-HC-01/B2","/ASIM-1885-10""-S8810101-91261M7-HC-01/B2","PIPE AUTO /ASIM-1885-10""-S8810101-91261M7-HC-01/B2 1",50,2,80,60.324999999999996,5.5371999999999995,7.48158477547554,SOURCE_EXPLICIT,,SCHEDULE_MASTER_SELECTED_TOPOLOGY_WALL_DIFFERS,3.91,5.5371999999999995,false,DEFAULT-USAGE-000638,DEFAULT-USAGE-000639,DEFAULT-USAGE-000640,,DEFAULT-USAGE-000641,,DEFAULT-USAGE-000642,fnv1a64:1b8bb08705cb5c4f
POS-128,PE-000128,80030,80040,GASK,GASK =1006649732/51461,S8810101,"/ASIM-1885-10""-S8810101-91261M7-HC-01/B2","/ASIM-1885-10""-S8810101-91261M7-HC-01/B2",GASK =1006649732/51461,50,2,80,60.324999999999996,5.5371999999999995,7.48158477547554,SOURCE_EXPLICIT,,SCHEDULE_MASTER_SELECTED_TOPOLOGY_WALL_DIFFERS,3.91,5.5371999999999995,false,DEFAULT-USAGE-000643,DEFAULT-USAGE-000644,DEFAULT-USAGE-000645,,DEFAULT-USAGE-000646,,DEFAULT-USAGE-000647,fnv1a64:d2c65d914196fb40
POS-129,PE-000129,80040,10520,FLAN,FLAN =1006649732/51462,S8810101,"/ASIM-1885-10""-S8810101-91261M7-HC-01/B2","/ASIM-1885-10""-S8810101-91261M7-HC-01/B2",FLAN =1006649732/51462,50,2,80,60.324999999999996,5.5371999999999995,7.48158477547554,SOURCE_EXPLICIT,,SCHEDULE_MASTER_SELECTED_TOPOLOGY_WALL_DIFFERS,3.91,5.5371999999999995,false,DEFAULT-USAGE-000648,DEFAULT-USAGE-000649,DEFAULT-USAGE-000650,,DEFAULT-USAGE-000651,,DEFAULT-USAGE-000652,fnv1a64:853410e69308fedd
POS-130,PE-000130,10530,90010,PIPE,"PIPE AUTO /ASIM-1885-10""-S8810101-91261M7-HC-01/B3 HEAD",S8810101,"/ASIM-1885-10""-S8810101-91261M7-HC-01/B3","/ASIM-1885-10""-S8810101-91261M7-HC-01/B3","PIPE AUTO /ASIM-1885-10""-S8810101-91261M7-HC-01/B3 HEAD",20,0.75,80,26.67,3.9116,2.195410278587778,PROJECT_CONFIGURED_DEFAULT,DEFAULT-USAGE-000653,SCHEDULE_MASTER_COVERAGE_MISSING_CONFIG_REQUIRED,2.87,,,DEFAULT-USAGE-000654,DEFAULT-USAGE-000655,DEFAULT-USAGE-000656,,DEFAULT-USAGE-000657,,DEFAULT-USAGE-000658,fnv1a64:3a3410e5ee10b3b9
POS-131,PE-000131,90010,90020,FLAN,FLAN =1006649732/51466,S8810101,"/ASIM-1885-10""-S8810101-91261M7-HC-01/B3","/ASIM-1885-10""-S8810101-91261M7-HC-01/B3",FLAN =1006649732/51466,20,0.75,80,26.67,3.9116,2.195410278587778,PROJECT_CONFIGURED_DEFAULT,DEFAULT-USAGE-000659,SCHEDULE_MASTER_COVERAGE_MISSING_CONFIG_REQUIRED,2.87,,,DEFAULT-USAGE-000660,DEFAULT-USAGE-000661,DEFAULT-USAGE-000662,,DEFAULT-USAGE-000663,,DEFAULT-USAGE-000664,fnv1a64:b1bdd59b1aa5e570
POS-132,PE-000132,90020,90030,GASK,GASK =1006649732/51467,S8810101,"/ASIM-1885-10""-S8810101-91261M7-HC-01/B3","/ASIM-1885-10""-S8810101-91261M7-HC-01/B3",GASK =1006649732/51467,20,0.75,80,26.67,3.9116,2.195410278587778,PROJECT_CONFIGURED_DEFAULT,DEFAULT-USAGE-000665,SCHEDULE_MASTER_COVERAGE_MISSING_CONFIG_REQUIRED,2.87,,,DEFAULT-USAGE-000666,DEFAULT-USAGE-000667,DEFAULT-USAGE-000668,,DEFAULT-USAGE-000669,,DEFAULT-USAGE-000670,fnv1a64:3245ae5d36bba2d3
POS-133,PE-000133,90030,90040,VALV,VALV =1006649732/51468,S8810101,"/ASIM-1885-10""-S8810101-91261M7-HC-01/B3","/ASIM-1885-10""-S8810101-91261M7-HC-01/B3",VALV =1006649732/51468,20,0.75,80,26.67,3.9116,2.195410278587778,PROJECT_CONFIGURED_DEFAULT,DEFAULT-USAGE-000671,SCHEDULE_MASTER_COVERAGE_MISSING_CONFIG_REQUIRED,2.87,,,DEFAULT-USAGE-000672,DEFAULT-USAGE-000673,DEFAULT-USAGE-000674,,DEFAULT-USAGE-000675,,DEFAULT-USAGE-000676,fnv1a64:df1521e5268ce8e6
POS-134,PE-000134,90040,90050,GASK,GASK =1006649732/51469,S8810101,"/ASIM-1885-10""-S8810101-91261M7-HC-01/B3","/ASIM-1885-10""-S8810101-91261M7-HC-01/B3",GASK =1006649732/51469,20,0.75,80,26.67,3.9116,2.195410278587778,PROJECT_CONFIGURED_DEFAULT,DEFAULT-USAGE-000677,SCHEDULE_MASTER_COVERAGE_MISSING_CONFIG_REQUIRED,2.87,,,DEFAULT-USAGE-000678,DEFAULT-USAGE-000679,DEFAULT-USAGE-000680,,DEFAULT-USAGE-000681,,DEFAULT-USAGE-000682,fnv1a64:d1634528307684ca
POS-135,PE-000135,90050,90060,FLAN,FLAN =1006649732/51470,S8810101,"/ASIM-1885-10""-S8810101-91261M7-HC-01/B3","/ASIM-1885-10""-S8810101-91261M7-HC-01/B3",FLAN =1006649732/51470,20,0.75,80,26.67,3.9116,2.195410278587778,PROJECT_CONFIGURED_DEFAULT,DEFAULT-USAGE-000683,SCHEDULE_MASTER_COVERAGE_MISSING_CONFIG_REQUIRED,2.87,,,DEFAULT-USAGE-000684,DEFAULT-USAGE-000685,DEFAULT-USAGE-000686,,DEFAULT-USAGE-000687,,DEFAULT-USAGE-000688,fnv1a64:f3ac176746de81d6
POS-136,PE-000136,90060,90070,PIPE,"PIPE AUTO /ASIM-1885-10""-S8810101-91261M7-HC-01/B3 1",S8810101,"/ASIM-1885-10""-S8810101-91261M7-HC-01/B3","/ASIM-1885-10""-S8810101-91261M7-HC-01/B3","PIPE AUTO /ASIM-1885-10""-S8810101-91261M7-HC-01/B3 1",20,0.75,80,26.67,3.9116,2.195410278587778,PROJECT_CONFIGURED_DEFAULT,DEFAULT-USAGE-000689,SCHEDULE_MASTER_COVERAGE_MISSING_CONFIG_REQUIRED,2.87,,,DEFAULT-USAGE-000690,DEFAULT-USAGE-000691,DEFAULT-USAGE-000692,,DEFAULT-USAGE-000693,,DEFAULT-USAGE-000694,fnv1a64:f708250df3ab5f4c
POS-137,PE-000137,90070,90080,TEE,TEE =1006649732/51471,S8810101,"/ASIM-1885-10""-S8810101-91261M7-HC-01/B3","/ASIM-1885-10""-S8810101-91261M7-HC-01/B3",TEE =1006649732/51471,20,0.75,80,26.67,3.9116,2.195410278587778,PROJECT_CONFIGURED_DEFAULT,DEFAULT-USAGE-000695,SCHEDULE_MASTER_COVERAGE_MISSING_CONFIG_REQUIRED,2.87,,,DEFAULT-USAGE-000696,DEFAULT-USAGE-000697,DEFAULT-USAGE-000698,,DEFAULT-USAGE-000699,,DEFAULT-USAGE-000700,fnv1a64:77fb56f245111061
POS-138,PE-000138,90080,90090,TEE,TEE =1006649732/51471,S8810101,"/ASIM-1885-10""-S8810101-91261M7-HC-01/B3","/ASIM-1885-10""-S8810101-91261M7-HC-01/B3",TEE =1006649732/51471,20,0.75,80,26.67,3.9116,2.195410278587778,PROJECT_CONFIGURED_DEFAULT,DEFAULT-USAGE-000701,SCHEDULE_MASTER_COVERAGE_MISSING_CONFIG_REQUIRED,2.87,,,DEFAULT-USAGE-000702,DEFAULT-USAGE-000703,DEFAULT-USAGE-000704,,DEFAULT-USAGE-000705,,DEFAULT-USAGE-000706,fnv1a64:26be4e760dc40b85
POS-139,PE-000139,90090,90100,PIPE,"PIPE AUTO /ASIM-1885-10""-S8810101-91261M7-HC-01/B3 2",S8810101,"/ASIM-1885-10""-S8810101-91261M7-HC-01/B3","/ASIM-1885-10""-S8810101-91261M7-HC-01/B3","PIPE AUTO /ASIM-1885-10""-S8810101-91261M7-HC-01/B3 2",20,0.75,80,26.67,3.9116,2.195410278587778,PROJECT_CONFIGURED_DEFAULT,DEFAULT-USAGE-000707,SCHEDULE_MASTER_COVERAGE_MISSING_CONFIG_REQUIRED,2.87,,,DEFAULT-USAGE-000708,DEFAULT-USAGE-000709,DEFAULT-USAGE-000710,,DEFAULT-USAGE-000711,,DEFAULT-USAGE-000712,fnv1a64:e897e70dcbfb3cf2
POS-140,PE-000140,90100,90110,FLAN,FLAN =1006649732/51472,S8810101,"/ASIM-1885-10""-S8810101-91261M7-HC-01/B3","/ASIM-1885-10""-S8810101-91261M7-HC-01/B3",FLAN =1006649732/51472,20,0.75,80,26.67,3.9116,2.195410278587778,PROJECT_CONFIGURED_DEFAULT,DEFAULT-USAGE-000713,SCHEDULE_MASTER_COVERAGE_MISSING_CONFIG_REQUIRED,2.87,,,DEFAULT-USAGE-000714,DEFAULT-USAGE-000715,DEFAULT-USAGE-000716,,DEFAULT-USAGE-000717,,DEFAULT-USAGE-000718,fnv1a64:e6231572fa17f135
POS-141,PE-000141,90110,90120,GASK,GASK =1006649732/51473,S8810101,"/ASIM-1885-10""-S8810101-91261M7-HC-01/B3","/ASIM-1885-10""-S8810101-91261M7-HC-01/B3",GASK =1006649732/51473,20,0.75,80,26.67,3.9116,2.195410278587778,PROJECT_CONFIGURED_DEFAULT,DEFAULT-USAGE-000719,SCHEDULE_MASTER_COVERAGE_MISSING_CONFIG_REQUIRED,2.87,,,DEFAULT-USAGE-000720,DEFAULT-USAGE-000721,DEFAULT-USAGE-000722,,DEFAULT-USAGE-000723,,DEFAULT-USAGE-000724,fnv1a64:736a697c31b0b775
POS-142,PE-000142,90120,90130,VALV,VALV =1006649732/51474,S8810101,"/ASIM-1885-10""-S8810101-91261M7-HC-01/B3","/ASIM-1885-10""-S8810101-91261M7-HC-01/B3",VALV =1006649732/51474,20,0.75,80,26.67,3.9116,2.195410278587778,PROJECT_CONFIGURED_DEFAULT,DEFAULT-USAGE-000725,SCHEDULE_MASTER_COVERAGE_MISSING_CONFIG_REQUIRED,2.87,,,DEFAULT-USAGE-000726,DEFAULT-USAGE-000727,DEFAULT-USAGE-000728,,DEFAULT-USAGE-000729,,DEFAULT-USAGE-000730,fnv1a64:a90b4e2fcae8b50d
POS-143,PE-000143,90130,10540,GASK,GASK =1006649732/51475,S8810101,"/ASIM-1885-10""-S8810101-91261M7-HC-01/B3","/ASIM-1885-10""-S8810101-91261M7-HC-01/B3",GASK =1006649732/51475,20,0.75,80,26.67,3.9116,2.195410278587778,PROJECT_CONFIGURED_DEFAULT,DEFAULT-USAGE-000731,SCHEDULE_MASTER_COVERAGE_MISSING_CONFIG_REQUIRED,2.87,,,DEFAULT-USAGE-000732,DEFAULT-USAGE-000733,DEFAULT-USAGE-000734,,DEFAULT-USAGE-000735,,DEFAULT-USAGE-000736,fnv1a64:42a4f4615af39a46
POS-144,PE-000144,10550,100020,PIPE,"PIPE AUTO /ASIM-1885-10""-S8810101-91261M7-HC-01/B4 HEAD",S8810101,"/ASIM-1885-10""-S8810101-91261M7-HC-01/B4","/ASIM-1885-10""-S8810101-91261M7-HC-01/B4","PIPE AUTO /ASIM-1885-10""-S8810101-91261M7-HC-01/B4 HEAD",20,0.75,80,26.67,3.9116,2.195410278587778,PROJECT_CONFIGURED_DEFAULT,DEFAULT-USAGE-000737,SCHEDULE_MASTER_COVERAGE_MISSING_CONFIG_REQUIRED,2.87,,,DEFAULT-USAGE-000738,DEFAULT-USAGE-000739,DEFAULT-USAGE-000740,,DEFAULT-USAGE-000741,,DEFAULT-USAGE-000742,fnv1a64:00a7f912921a00b3
POS-145,PE-000145,100020,100010,PIPE,"PIPE AUTO /ASIM-1885-10""-S8810101-91261M7-HC-01/B4 HEAD",S8810101,"/ASIM-1885-10""-S8810101-91261M7-HC-01/B4","/ASIM-1885-10""-S8810101-91261M7-HC-01/B4","PIPE AUTO /ASIM-1885-10""-S8810101-91261M7-HC-01/B4 HEAD",20,0.75,80,26.67,3.9116,2.195410278587778,PROJECT_CONFIGURED_DEFAULT,DEFAULT-USAGE-000743,SCHEDULE_MASTER_COVERAGE_MISSING_CONFIG_REQUIRED,2.87,,,DEFAULT-USAGE-000744,DEFAULT-USAGE-000745,DEFAULT-USAGE-000746,,DEFAULT-USAGE-000747,,DEFAULT-USAGE-000748,fnv1a64:3f83e0f015e23bfc
POS-146,PE-000146,100010,100030,FLAN,FLAN =1006649732/51479,S8810101,"/ASIM-1885-10""-S8810101-91261M7-HC-01/B4","/ASIM-1885-10""-S8810101-91261M7-HC-01/B4",FLAN =1006649732/51479,20,0.75,80,26.67,3.9116,2.195410278587778,PROJECT_CONFIGURED_DEFAULT,DEFAULT-USAGE-000749,SCHEDULE_MASTER_COVERAGE_MISSING_CONFIG_REQUIRED,2.87,,,DEFAULT-USAGE-000750,DEFAULT-USAGE-000751,DEFAULT-USAGE-000752,,DEFAULT-USAGE-000753,,DEFAULT-USAGE-000754,fnv1a64:d84879688b96a5f7
POS-147,PE-000147,100030,100040,GASK,GASK =1006649732/51480,S8810101,"/ASIM-1885-10""-S8810101-91261M7-HC-01/B4","/ASIM-1885-10""-S8810101-91261M7-HC-01/B4",GASK =1006649732/51480,20,0.75,80,26.67,3.9116,2.195410278587778,PROJECT_CONFIGURED_DEFAULT,DEFAULT-USAGE-000755,SCHEDULE_MASTER_COVERAGE_MISSING_CONFIG_REQUIRED,2.87,,,DEFAULT-USAGE-000756,DEFAULT-USAGE-000757,DEFAULT-USAGE-000758,,DEFAULT-USAGE-000759,,DEFAULT-USAGE-000760,fnv1a64:0c5950ef0af8b296
POS-148,PE-000148,100040,100050,VALV,VALV =1006649732/51481,S8810101,"/ASIM-1885-10""-S8810101-91261M7-HC-01/B4","/ASIM-1885-10""-S8810101-91261M7-HC-01/B4",VALV =1006649732/51481,20,0.75,80,26.67,3.9116,2.195410278587778,PROJECT_CONFIGURED_DEFAULT,DEFAULT-USAGE-000761,SCHEDULE_MASTER_COVERAGE_MISSING_CONFIG_REQUIRED,2.87,,,DEFAULT-USAGE-000762,DEFAULT-USAGE-000763,DEFAULT-USAGE-000764,,DEFAULT-USAGE-000765,,DEFAULT-USAGE-000766,fnv1a64:f9c5af16f57b81b1
POS-149,PE-000149,100050,10560,GASK,GASK =1006649732/51482,S8810101,"/ASIM-1885-10""-S8810101-91261M7-HC-01/B4","/ASIM-1885-10""-S8810101-91261M7-HC-01/B4",GASK =1006649732/51482,20,0.75,80,26.67,3.9116,2.195410278587778,PROJECT_CONFIGURED_DEFAULT,DEFAULT-USAGE-000767,SCHEDULE_MASTER_COVERAGE_MISSING_CONFIG_REQUIRED,2.87,,,DEFAULT-USAGE-000768,DEFAULT-USAGE-000769,DEFAULT-USAGE-000770,,DEFAULT-USAGE-000771,,DEFAULT-USAGE-000772,fnv1a64:c5d2b1c893b73b38
POS-150,PE-000150,10570,120020,PIPE,"PIPE AUTO /ASIM-1885-10""-S8810101-91261M7-HC-01/B6 HEAD",S8810101,"/ASIM-1885-10""-S8810101-91261M7-HC-01/B6","/ASIM-1885-10""-S8810101-91261M7-HC-01/B6","PIPE AUTO /ASIM-1885-10""-S8810101-91261M7-HC-01/B6 HEAD",250,10,100,273.05,18.2626,114.75195242017607,PROJECT_CONFIGURED_DEFAULT,DEFAULT-USAGE-000773,SCHEDULE_MASTER_COVERAGE_MISSING_CONFIG_REQUIRED,15.09,,,,DEFAULT-USAGE-000774,DEFAULT-USAGE-000775,,DEFAULT-USAGE-000776,,DEFAULT-USAGE-000777,fnv1a64:46815e0271c256f4
POS-151,PE-000151,120020,120010,PIPE,"PIPE AUTO /ASIM-1885-10""-S8810101-91261M7-HC-01/B6 HEAD",S8810101,"/ASIM-1885-10""-S8810101-91261M7-HC-01/B6","/ASIM-1885-10""-S8810101-91261M7-HC-01/B6","PIPE AUTO /ASIM-1885-10""-S8810101-91261M7-HC-01/B6 HEAD",250,10,100,273.05,18.2626,114.75195242017607,PROJECT_CONFIGURED_DEFAULT,DEFAULT-USAGE-000778,SCHEDULE_MASTER_COVERAGE_MISSING_CONFIG_REQUIRED,15.09,,,,DEFAULT-USAGE-000779,DEFAULT-USAGE-000780,,DEFAULT-USAGE-000781,,DEFAULT-USAGE-000782,fnv1a64:5a95d0b299634d7c
POS-152,PE-000152,120010,10470,REDU,REDU =1006649732/51492,S8810101,"/ASIM-1885-10""-S8810101-91261M7-HC-01/B6","/ASIM-1885-10""-S8810101-91261M7-HC-01/B6",REDU =1006649732/51492,250,10,100,273.05,18.2626,114.75195242017607,PROJECT_CONFIGURED_DEFAULT,DEFAULT-USAGE-000783,SCHEDULE_MASTER_COVERAGE_MISSING_CONFIG_REQUIRED,15.09,,,,DEFAULT-USAGE-000784,DEFAULT-USAGE-000785,,DEFAULT-USAGE-000786,,DEFAULT-USAGE-000787,fnv1a64:dbbf156fdbf4868e
POS-153,PE-000153,10500,130010,TEE,TEE =1006649732/51494,S8810101,"/ASIM-1885-10""-S8810101-91261M7-HC-01/B7","/ASIM-1885-10""-S8810101-91261M7-HC-01/B7",TEE =1006649732/51494,250,10,100,273.05,18.2626,114.75195242017607,PROJECT_CONFIGURED_DEFAULT,DEFAULT-USAGE-000788,SCHEDULE_MASTER_COVERAGE_MISSING_CONFIG_REQUIRED,15.09,,,,DEFAULT-USAGE-000789,DEFAULT-USAGE-000790,,DEFAULT-USAGE-000791,,DEFAULT-USAGE-000792,fnv1a64:dd885928dff9ab90
POS-154,PE-000154,130010,130020,TEE,TEE =1006649732/51494,S8810101,"/ASIM-1885-10""-S8810101-91261M7-HC-01/B7","/ASIM-1885-10""-S8810101-91261M7-HC-01/B7",TEE =1006649732/51494,250,10,100,273.05,18.2626,114.75195242017607,PROJECT_CONFIGURED_DEFAULT,DEFAULT-USAGE-000793,SCHEDULE_MASTER_COVERAGE_MISSING_CONFIG_REQUIRED,15.09,,,,DEFAULT-USAGE-000794,DEFAULT-USAGE-000795,,DEFAULT-USAGE-000796,,DEFAULT-USAGE-000797,fnv1a64:516f884e6b67a513
POS-155,PE-000155,130020,130030,PIPE,"PIPE AUTO /ASIM-1885-10""-S8810101-91261M7-HC-01/B7 1",S8810101,"/ASIM-1885-10""-S8810101-91261M7-HC-01/B7","/ASIM-1885-10""-S8810101-91261M7-HC-01/B7","PIPE AUTO /ASIM-1885-10""-S8810101-91261M7-HC-01/B7 1",250,10,80,273.05,12.7,81.54190107376482,SOURCE_EXPLICIT,,SCHEDULE_MASTER_SELECTED_TOPOLOGY_WALL_DIFFERS,15.09,12.7,false,,DEFAULT-USAGE-000798,DEFAULT-USAGE-000799,,DEFAULT-USAGE-000800,,DEFAULT-USAGE-000801,fnv1a64:4700c8ac714c57a8
POS-156,PE-000156,130030,130050,PIPE,"PIPE AUTO /ASIM-1885-10""-S8810101-91261M7-HC-01/B7 2",S8810101,"/ASIM-1885-10""-S8810101-91261M7-HC-01/B7","/ASIM-1885-10""-S8810101-91261M7-HC-01/B7","PIPE AUTO /ASIM-1885-10""-S8810101-91261M7-HC-01/B7 2",250,10,100,273.05,18.2626,114.75195242017607,PROJECT_CONFIGURED_DEFAULT,DEFAULT-USAGE-000802,SCHEDULE_MASTER_COVERAGE_MISSING_CONFIG_REQUIRED,15.09,,,,DEFAULT-USAGE-000803,DEFAULT-USAGE-000804,,DEFAULT-USAGE-000805,,DEFAULT-USAGE-000806,fnv1a64:7c04f4e2366327be
POS-157,PE-000157,130050,130040,PIPE,"PIPE AUTO /ASIM-1885-10""-S8810101-91261M7-HC-01/B7 2",S8810101,"/ASIM-1885-10""-S8810101-91261M7-HC-01/B7","/ASIM-1885-10""-S8810101-91261M7-HC-01/B7","PIPE AUTO /ASIM-1885-10""-S8810101-91261M7-HC-01/B7 2",250,10,100,273.05,18.2626,114.75195242017607,PROJECT_CONFIGURED_DEFAULT,DEFAULT-USAGE-000807,SCHEDULE_MASTER_COVERAGE_MISSING_CONFIG_REQUIRED,15.09,,,,DEFAULT-USAGE-000808,DEFAULT-USAGE-000809,,DEFAULT-USAGE-000810,,DEFAULT-USAGE-000811,fnv1a64:c685c8ee658a53ff
POS-158,PE-000158,130040,10460,REDU,REDU =1006649732/51499,S8810101,"/ASIM-1885-10""-S8810101-91261M7-HC-01/B7","/ASIM-1885-10""-S8810101-91261M7-HC-01/B7",REDU =1006649732/51499,250,10,100,273.05,18.2626,114.75195242017607,PROJECT_CONFIGURED_DEFAULT,DEFAULT-USAGE-000812,SCHEDULE_MASTER_COVERAGE_MISSING_CONFIG_REQUIRED,15.09,,,,DEFAULT-USAGE-000813,DEFAULT-USAGE-000814,,DEFAULT-USAGE-000815,,DEFAULT-USAGE-000816,fnv1a64:56bde8d3474d90ca
POS-159,PE-000159,50010,10430,TEE,TEE =1006690692/1,"/ASIM-1885-6""-S8810111-91261M7-HC-01","/ASIM-1885-6""-S8810111-91261M7-HC-01/B2","/ASIM-1885-6""-S8810111-91261M7-HC-01/B2",TEE =1006690692/1,150,6,80,168.27499999999998,10.9728,42.566877097975556,SOURCE_EXPLICIT,,SCHEDULE_MASTER_SELECTED_TOPOLOGY_WALL_DIFFERS,7.11,10.9728,false,DEFAULT-USAGE-000817,DEFAULT-USAGE-000818,DEFAULT-USAGE-000819,,DEFAULT-USAGE-000820,,DEFAULT-USAGE-000821,fnv1a64:e7a1f5e5a948bb93
POS-160,PE-000160,70080,10530,OLET,OLET =1006649732/51455,S8810101,"/ASIM-1885-10""-S8810101-91261M7-HC-01/B1","/ASIM-1885-10""-S8810101-91261M7-HC-01/B1",OLET =1006649732/51455,250,10,80,273.05,12.7,81.54190107376482,SOURCE_EXPLICIT,,SCHEDULE_MASTER_SELECTED_TOPOLOGY_WALL_DIFFERS,15.09,12.7,false,,DEFAULT-USAGE-000822,DEFAULT-USAGE-000823,,DEFAULT-USAGE-000824,,DEFAULT-USAGE-000825,fnv1a64:3b69664ef1c5e469
POS-161,PE-000161,70090,10510,OLET,OLET =1006649732/51456,S8810101,"/ASIM-1885-10""-S8810101-91261M7-HC-01/B1","/ASIM-1885-10""-S8810101-91261M7-HC-01/B1",OLET =1006649732/51456,250,10,80,273.05,12.7,81.54190107376482,SOURCE_EXPLICIT,,SCHEDULE_MASTER_SELECTED_TOPOLOGY_WALL_DIFFERS,15.09,12.7,false,,DEFAULT-USAGE-000826,DEFAULT-USAGE-000827,,DEFAULT-USAGE-000828,,DEFAULT-USAGE-000829,fnv1a64:578fb03e279c6863
POS-162,PE-000162,90080,10550,TEE,TEE =1006649732/51471,S8810101,"/ASIM-1885-10""-S8810101-91261M7-HC-01/B3","/ASIM-1885-10""-S8810101-91261M7-HC-01/B3",TEE =1006649732/51471,20,0.75,80,26.67,3.9116,2.195410278587778,PROJECT_CONFIGURED_DEFAULT,DEFAULT-USAGE-000830,SCHEDULE_MASTER_COVERAGE_MISSING_CONFIG_REQUIRED,2.87,,,DEFAULT-USAGE-000831,DEFAULT-USAGE-000832,DEFAULT-USAGE-000833,,DEFAULT-USAGE-000834,,DEFAULT-USAGE-000835,fnv1a64:ae6ed9fd5524d343
POS-163,PE-000163,130010,10570,TEE,TEE =1006649732/51494,S8810101,"/ASIM-1885-10""-S8810101-91261M7-HC-01/B7","/ASIM-1885-10""-S8810101-91261M7-HC-01/B7",TEE =1006649732/51494,250,10,100,273.05,18.2626,114.75195242017607,PROJECT_CONFIGURED_DEFAULT,DEFAULT-USAGE-000836,SCHEDULE_MASTER_COVERAGE_MISSING_CONFIG_REQUIRED,15.09,,,,DEFAULT-USAGE-000837,DEFAULT-USAGE-000838,,DEFAULT-USAGE-000839,,DEFAULT-USAGE-000840,fnv1a64:2afe80f905eb579e
