JOBNAME,ISSUE_NO,UPDATE_TIME,NODE,LCASE_NUM,CASE,LCASE_NAME,DX,DY,DZ,DUNITS,RX,RY,RZ,RUNITS
"BM4_NL",,"20260808 142941",20010,19,"CASE 19 (SUS) W+P1",,0.1362679153680801,-0.5348827242851257,0.05772024393081665,"mm.",0.001208611996844411,-0.001579938223585486,-0.01723297871649265,"deg."
"BM4_NL",,"20260808 142941",20015,19,"CASE 19 (SUS) W+P1",,0.1362304836511612,-0.5347247719764709,0.05770576745271683,"mm.",0.001208611996844411,-0.001579938223585486,-0.01723297871649265,"deg."
"BM4_NL",,"20260808 142941",20020,19,"CASE 19 (SUS) W+P1",,0.1353911906480789,-0.4764611124992371,0.05236515775322914,"mm.",0.001208611996844411,-0.001579938223585486,-0.01723261177539825,"deg."
"BM4_NL",,"20260808 142941",20030,19,"CASE 19 (SUS) W+P1",,0,0,0,"mm.",0.001208611996844411,-0.001579938223585486,-0.007160769775509834,"deg."
"BM4_NL",,"20260808 142941",20090,19,"CASE 19 (SUS) W+P1",,-0.1868913769721985,0,-0.0641205906867981,"mm.",0.001208611996844411,-0.001018259790726006,0,"deg."
"BM4_NL",,"20260808 142941",20119,19,"CASE 19 (SUS) W+P1",,-0.2587262094020844,0.04551076516509056,-0.07980714738368988,"mm.",0.001115894643589854,-0.0001841581251937896,-0.01165725197643042,"deg."
"BM4_NL",,"20260808 142941",20120,19,"CASE 19 (SUS) W+P1",,-0.3371404707431793,0.0749557837843895,-0.08487728238105774,"mm.",0.0009915073169395328,0.0001099736837204546,-0.02099837176501751,"deg."
"BM4_NL",,"20260808 142941",20130,19,"CASE 19 (SUS) W+P1",,-0.7048957943916321,0.001251280889846385,-0.1020706221461296,"mm.",0.0008357192273251712,0.0009494644473306835,-0.01920981705188751,"deg."
"BM4_NL",,"20260808 142941",20140,19,"CASE 19 (SUS) W+P1",,-0.7548556923866272,-0.009203679859638214,-0.1042289435863495,"mm.",0.0007988181314431131,0.00106905004940927,-0.0190180204808712,"deg."
"BM4_NL",,"20260808 142941",20150,19,"CASE 19 (SUS) W+P1",,-0.8207269906997681,-0.02312646619975567,-0.1069473177194595,"mm.",0.0007439106702804565,0.001228497480042279,-0.01878672093153,"deg."
"BM4_NL",,"20260808 142941",20160,19,"CASE 19 (SUS) W+P1",,-0.8912439346313477,-0.02923213317990303,-0.1094501465559006,"mm.",0.0006193586159497499,0.001294008223339915,-0.01869987696409225,"deg."
"BM4_NL",,"20260808 142941",20161,19,"CASE 19 (SUS) W+P1",,-0.8466947078704834,-0.02865529432892799,-0.1079727336764336,"mm.",0.0006201739888638258,0.001291944063268602,-0.01870242320001125,"deg."
"BM4_NL",,"20260808 142941",20170,19,"CASE 19 (SUS) W+P1",,-0.8997478485107422,0,-0.1854517310857773,"mm.",-0.0002724645310081542,-0.0001955064217327163,-0.01899146474897861,"deg."
"BM4_NL",,"20260808 142941",20220,19,"CASE 19 (SUS) W+P1",,-0.8877796530723572,-0.05294196680188179,-0.2608854174613953,"mm.",-0.004089715890586376,-0.0009166873642243445,-0.01928080804646015,"deg."
"BM4_NL",,"20260808 142941",20230,19,"CASE 19 (SUS) W+P1",,-0.8937868475914001,-0.0686437264084816,-0.2726111114025116,"mm.",-0.004372611176222563,-0.0009978614980354905,-0.01937148533761501,"deg."
"BM4_NL",,"20260808 142941",20240,19,"CASE 19 (SUS) W+P1",,-0.8725687265396118,-0.02317961491644382,-0.07026861608028412,"mm.",-0.00120869092643261,0.002595256082713604,-0.01788464933633804,"deg."
"BM4_NL",,"20260808 142941",20250,19,"CASE 19 (SUS) W+P1",,-0.8079439997673035,0,0,"mm.",0.0003955545544158667,0.004910037387162447,-0.01642283238470554,"deg."
"BM4_NL",,"20260808 142941",20280,19,"CASE 19 (SUS) W+P1",,-0.7645972371101379,-0.01382043119519949,0.03252528607845306,"mm.",0.002121120924130082,0.005973307881504297,-0.01574629917740822,"deg."
"BM4_NL",,"20260808 142941",20290,19,"CASE 19 (SUS) W+P1",,-0.7589064240455627,-0.02648118510842323,0.04286404699087143,"mm.",0.002769490936771035,0.007247856352478266,-0.01503716502338648,"deg."
"BM4_NL",,"20260808 142941",20295,19,"CASE 19 (SUS) W+P1",,-0.737883985042572,-0.03583812341094017,0.05338124185800552,"mm.",0.003048129146918654,0.00959240086376667,-0.01353961136192083,"deg."
"BM4_NL",,"20260808 142941",20296,19,"CASE 19 (SUS) W+P1",,-0.7180171608924866,-0.03546886518597603,0.05785894393920898,"mm.",0.003049516817554832,0.009588644839823246,-0.01353230886161327,"deg."
"BM4_NL",,"20260808 142941",20300,19,"CASE 19 (SUS) W+P1",,0.0432969368994236,0,0.1999127566814423,"mm.",-0.003749166848137975,0.02972768805921078,-0.004877580795437098,"deg."
"BM4_NL",,"20260808 142941",20329,19,"CASE 19 (SUS) W+P1",,0.5931757688522339,0.05990283936262131,0.2698562145233154,"mm.",0.005840270780026913,0.02494919672608376,0.0007598436786793172,"deg."
"BM4_NL",,"20260808 142941",20330,19,"CASE 19 (SUS) W+P1",,0.615157425403595,0.04894568771123886,0.3019535839557648,"mm.",0.01642065867781639,0.02250091172754765,0.003695271210744977,"deg."
"BM4_NL",,"20260808 142941",20339,19,"CASE 19 (SUS) W+P1",,0.5463528037071228,0.08646250516176224,0.5229314565658569,"mm.",0.01458564586937428,0.01508904341608286,0.002344803186133504,"deg."
"BM4_NL",,"20260808 142941",20340,19,"CASE 19 (SUS) W+P1",,0.545766294002533,0.08727254718542099,0.577001690864563,"mm.",0.01366910431534052,0.01157734636217356,-0.002036847406998277,"deg."
"BM4_NL",,"20260808 142941",20350,19,"CASE 19 (SUS) W+P1",,0.4817368686199188,0,0.7094638347625732,"mm.",0.0128902830183506,0.005930866114795208,0.01605713367462158,"deg."
"BM4_NL",,"20260808 142941",20390,19,"CASE 19 (SUS) W+P1",,0,0,0,"mm.",0.007030676584690809,-0.01060732547193766,-0.01480634976178408,"deg."
"BM4_NL",,"20260808 142941",20440,19,"CASE 19 (SUS) W+P1",,-0.339373767375946,0,-0.5477064251899719,"mm.",0.002925894223153591,-0.001397147891111672,-0.0006022407324053347,"deg."
"BM4_NL",,"20260808 142941",20480,19,"CASE 19 (SUS) W+P1",,-0.4864863157272339,-0.03519285842776299,-0.4806892275810242,"mm.",0.001146543421782553,0.005548979621380568,-0.00268720556050539,"deg."
"BM4_NL",,"20260808 142941",20499,19,"CASE 19 (SUS) W+P1",,-0.5261454582214355,0.02273374795913696,-0.404710054397583,"mm.",0.0002744492376223207,-0.00135320785921067,-0.006524187047034502,"deg."
"BM4_NL",,"20260808 142941",20500,19,"CASE 19 (SUS) W+P1",,-0.5436298847198486,0.03031936474144459,-0.409949392080307,"mm.",0.0004202371928840876,-0.01055115461349487,-0.006906687282025814,"deg."
"BM4_NL",,"20260808 142941",20510,19,"CASE 19 (SUS) W+P1",,-0.544050395488739,0.03030913881957531,-0.4097812473773956,"mm.",0.000423453253461048,-0.01054161507636309,-0.006910210940986872,"deg."
"BM4_NL",,"20260808 142941",20520,19,"CASE 19 (SUS) W+P1",,-0.6704118251800537,0,-0.3498329818248749,"mm.",0.005856395699083805,-0.007288638036698103,-0.00816640816628933,"deg."
"BM4_NL",,"20260808 142941",20550,19,"CASE 19 (SUS) W+P1",,-0.6618180274963379,0,0,"mm.",-0.0007263390580192208,0.005805741995573044,-0.0154970558360219,"deg."
"BM4_NL",,"20260808 142941",20580,19,"CASE 19 (SUS) W+P1",,0,0,0.3424535989761353,"mm.",-0.004657833836972713,0.008887575939297676,-0.02266431972384453,"deg."
"BM4_NL",,"20260808 142941",20640,19,"CASE 19 (SUS) W+P1",,0.5325661897659302,0,0.6370373964309692,"mm.",0.00925663486123085,0.005842201877385378,-0.02882971242070198,"deg."
"BM4_NL",,"20260808 142941",20670,19,"CASE 19 (SUS) W+P1",,0.6068418025970459,-0.2089667469263077,0.6954202055931091,"mm.",0.01847239397466183,0.004867586772888899,-0.03005161508917809,"deg."
"BM4_NL",,"20260808 142941",20689,19,"CASE 19 (SUS) W+P1",,0.6047796010971069,-0.3399708569049835,0.7013213634490967,"mm.",0.008037003688514233,0.003708667354658246,-0.03095625154674053,"deg."
"BM4_NL",,"20260808 142941",20690,19,"CASE 19 (SUS) W+P1",,0.5204290747642517,-0.3448101282119751,0.6962023377418518,"mm.",-0.00384875456802547,0.003180647967383265,-0.03169785812497139,"deg."
"BM4_NL",,"20260808 142941",20698,19,"CASE 19 (SUS) W+P1",,0.2168914079666138,-0.3849271833896637,0.7343547940254211,"mm.",-0.00410762894898653,0.002195680281147361,-0.03239842504262924,"deg."
"BM4_NL",,"20260808 142941",20699,19,"CASE 19 (SUS) W+P1",,0.1398529708385468,-0.3553900718688965,0.7482019662857056,"mm.",-0.0039872364141047,0.001781684928573668,-0.02167423442006111,"deg."
"BM4_NL",,"20260808 142941",20700,19,"CASE 19 (SUS) W+P1",,0.1187710538506508,-0.3100848793983459,0.7567651271820068,"mm.",-0.003802990075200796,0.000994598027318716,-0.01107002235949039,"deg."
"BM4_NL",,"20260808 142941",20710,19,"CASE 19 (SUS) W+P1",,0,0,0.7323111891746521,"mm.",-0.003537118434906006,-0.003294137073680758,-0.007515823002904654,"deg."
"BM4_NL",,"20260808 142941",20760,19,"CASE 19 (SUS) W+P1",,-0.1196668818593025,0.1053841412067413,0.5400789976119995,"mm.",-0.003269006963819265,-0.01080935448408127,-0.002997100818902254,"deg."
"BM4_NL",,"20260808 142941",21429,19,"CASE 19 (SUS) W+P1",,-0.2868559956550598,0.06699388474225998,0.1691076904535294,"mm.",0.004183183889836073,0.005351546686142683,-0.01094487495720387,"deg."
"BM4_NL",,"20260808 142941",21430,19,"CASE 19 (SUS) W+P1",,-0.2767427265644073,0.04605761915445328,0.1601991206407547,"mm.",0.004358321893960238,0.00451955059543252,-0.003446709597483277,"deg."
"BM4_NL",,"20260808 142941",21470,19,"CASE 19 (SUS) W+P1",,-0.2312774211168289,0,0.1165279000997543,"mm.",0.004358321893960238,0.003575961804017425,-0.003320084884762764,"deg."
"BM4_NL",,"20260808 142941",21480,19,"CASE 19 (SUS) W+P1",,0,0,0,"mm.",0.004358321893960238,0.001390775782056153,-0.01475655008107424,"deg."
"BM4_NL",,"20260808 142941",21550,19,"CASE 19 (SUS) W+P1",,0.0963343158364296,-0.6267226934432983,-0.03177416324615479,"mm.",0.004358321893960238,0.001390775782056153,-0.03432431071996689,"deg."
"BM4_NL",,"20260808 142941",21560,19,"CASE 19 (SUS) W+P1",,0.1223144009709358,-0.8425357937812805,-0.04034323617815971,"mm.",0.004358321893960238,0.001390775782056153,-0.03517603501677513,"deg."
"BM4_NL",,"20260808 142941",21580,19,"CASE 19 (SUS) W+P1",,0.1229890957474709,-0.9341621398925781,-0.04396546632051468,"mm.",0.004358321893960238,0.001390775782056153,-0.03517667949199677,"deg."
"BM4_NL",,"20260808 142941",21589,19,"CASE 19 (SUS) W+P1",,-0.8589639067649841,-0.1058783307671547,-0.2912313938140869,"mm.",-0.01559346169233322,-0.001243304926902056,-0.01958421617746353,"deg."
"BM4_NL",,"20260808 142941",21590,19,"CASE 19 (SUS) W+P1",,-0.7827783823013306,-0.1360357701778412,-0.3712210059165955,"mm.",-0.02623315341770649,-0.001297111506573856,-0.01973148062825203,"deg."
"BM4_NL",,"20260808 142941",21599,19,"CASE 19 (SUS) W+P1",,-0.2586590349674225,-0.05442250147461891,-1.11679744720459,"mm.",-0.02623315341770649,-0.001297111506573856,-0.006160686258226633,"deg."
"BM4_NL",,"20260808 142941",21600,19,"CASE 19 (SUS) W+P1",,-0.2554388046264648,-0.05371320620179176,-1.152792692184448,"mm.",-0.02623315341770649,-0.001297111506573856,0.005503986496478319,"deg."
"BM4_NL",,"20260808 142941",21610,19,"CASE 19 (SUS) W+P1",,-0.2178617864847183,0,-1.140450000762939,"mm.",-0.02623315341770649,-0.001297111506573856,0.004978348035365343,"deg."
"BM4_NL",,"20260808 142941",21640,19,"CASE 19 (SUS) W+P1",,0,0,-1.06889009475708,"mm.",-0.02623315341770649,-0.001297111506573856,-0.0123005211353302,"deg."
"BM4_NL",,"20260808 142941",21700,19,"CASE 19 (SUS) W+P1",,0.1165842488408089,-0.6217347383499146,-1.030515551567078,"mm.",-0.02623315341770649,-0.001297111506573856,-0.02462057955563068,"deg."
"BM4_NL",,"20260808 142941",21710,19,"CASE 19 (SUS) W+P1",,0.1172922253608704,-0.6954203844070435,-1.026634216308594,"mm.",-0.02623315341770649,-0.001297111506573856,-0.0246210265904665,"deg."
"BM4_NL",,"20260808 142941",21719,19,"CASE 19 (SUS) W+P1",,-0.1135031059384346,0.1104507818818092,0.5208231806755066,"mm.",-0.00321485917083919,-0.002415238646790385,-0.003181854262948036,"deg."
"BM4_NL",,"20260808 142941",21720,19,"CASE 19 (SUS) W+P1",,-0.1191332116723061,0.105177216231823,0.5213392972946167,"mm.",-0.003346208482980728,0.005990262143313885,-0.003181738080456853,"deg."
"BM4_NL",,"20260808 142941",21730,19,"CASE 19 (SUS) W+P1",,-0.1545688658952713,0.07937721163034439,0.4905185401439667,"mm.",-0.004094935953617096,0.00378168118186295,-0.003166834358125925,"deg."
"BM4_NL",,"20260808 142941",21740,19,"CASE 19 (SUS) W+P1",,-0.181031197309494,0,0.4353737533092499,"mm.",-0.009513041004538536,0.0004351599491201341,-0.003140168730169535,"deg."
"BM4_NL",,"20260808 142941",21780,19,"CASE 19 (SUS) W+P1",,-0.1668232381343842,-0.1256297379732132,0.37655109167099,"mm.",-0.0006088456721045077,-0.00227887206710875,-0.003111724508926272,"deg."
"BM4_NL",,"20260808 142941",21783,19,"CASE 19 (SUS) W+P1",,-0.1610009968280792,-0.1271602660417557,0.3758913576602936,"mm.",-0.0005024587153457105,-0.002286749193444848,-0.003111622296273708,"deg."
"BM4_NL",,"20260808 142941",21786,19,"CASE 19 (SUS) W+P1",,-0.1362509578466415,-0.1296327710151672,0.3731089234352112,"mm.",0,-0.002313594566658139,-0.003111191326752305,"deg."
"BM4_NL",,"20260808 142941",21790,19,"CASE 19 (SUS) W+P1",,-0.1303440630435944,-0.1292672008275986,0.3724491894245148,"mm.",0.000155682020704262,-0.002318447921425104,-0.003111088881269097,"deg."
"BM4_NL",,"20260808 142941",21800,19,"CASE 19 (SUS) W+P1",,-0.09085454791784286,0,0.3136265277862549,"mm.",0.01085080113261938,-0.003146578324958682,-0.003082644660025835,"deg."
"BM4_NL",,"20260808 142941",21850,19,"CASE 19 (SUS) W+P1",,-0.04430627077817917,0.1006778106093407,0.2525472939014435,"mm.",0.00232429220341146,-0.003071698825806379,-0.003053109394386411,"deg."
"BM4_NL",,"20260808 142941",21860,19,"CASE 19 (SUS) W+P1",,0,0,0.1787448227405548,"mm.",-0.01649358123540878,-0.001710608601570129,-0.003017421578988433,"deg."
"BM4_NL",,"20260808 142941",21890,19,"CASE 19 (SUS) W+P1",,0.008705581538379192,-0.1346720904111862,0.1511716991662979,"mm.",-0.01854918897151947,-0.0009767762385308743,-0.00300408829934895,"deg."
"BM4_NL",,"20260808 142941",21893,19,"CASE 19 (SUS) W+P1",,0.01118758413940668,-0.1821155101060867,0.1505119353532791,"mm.",-0.0184837318956852,-0.0009715164778754115,-0.003003986086696386,"deg."
"BM4_NL",,"20260808 142941",21896,19,"CASE 19 (SUS) W+P1",,0.02151672169566154,-0.3782960772514343,0.1477295160293579,"mm.",-0.01789327897131443,-0.0009515958954580128,-0.003003554884344339,"deg."
"BM4_NL",,"20260808 142941",21900,19,"CASE 19 (SUS) W+P1",,0.02393590472638607,-0.4236554801464081,0.1470697671175003,"mm.",-0.01774025894701481,-0.0009474087273702025,-0.003003452671691775,"deg."
"BM4_NL",,"20260808 142941",21930,19,"CASE 19 (SUS) W+P1",,0.01853860169649124,0,0,"mm.",0.01561321038752794,0.000914483389351517,-0.002932335948571563,"deg."
"BM4_NL",,"20260808 142941",21990,19,"CASE 19 (SUS) W+P1",,0.004787064623087645,0.1142521947622299,-0.05555044114589691,"mm.",0.004966758657246828,0.001108121126890182,-0.002905462635681033,"deg."
"BM4_NL",,"20260808 142941",21993,19,"CASE 19 (SUS) W+P1",,0.001899691647849977,0.1271324455738068,-0.05622424557805061,"mm.",0.004956699442118406,0.001108222757466137,-0.002905358094722033,"deg."
"BM4_NL",,"20260808 142941",21996,19,"CASE 19 (SUS) W+P1",,0.001370472949929535,0.1294932216405869,-0.05634774640202522,"mm.",0.004955597221851349,0.001108218217268586,-0.002905339002609253,"deg."
"BM4_NL",,"20260808 142941",22000,19,"CASE 19 (SUS) W+P1",,-0.001516822376288474,0.1423846781253815,-0.05702155455946922,"mm.",0.004951420705765486,0.001108066062442958,-0.002905234694480896,"deg."
"BM4_NL",,"20260808 142941",22010,19,"CASE 19 (SUS) W+P1",,-0.006217179819941521,0.1515343934297562,-0.06925113499164581,"mm.",0.004105682484805584,0.001032203901559114,-0.002881946042180061,"deg."
"BM4_NL",,"20260808 142941",22020,19,"CASE 19 (SUS) W+P1",,0,0,-0.1162897497415543,"mm.",-0.03101366572082043,-0.002561612520366907,-0.002307657152414322,"deg."
"BM4_NL",,"20260808 142941",22050,19,"CASE 19 (SUS) W+P1",,0.1101237013936043,-0.7933036684989929,-0.1778540015220642,"mm.",-0.01454336848109961,-0.00698306318372488,-0.001556027098558843,"deg."
"BM4_NL",,"20260808 142941",22053,19,"CASE 19 (SUS) W+P1",,0.1232833117246628,-0.8206245303153992,-0.1781566292047501,"mm.",-0.01442042738199234,-0.006984341889619827,-0.001555155962705612,"deg."
"BM4_NL",,"20260808 142941",22056,19,"CASE 19 (SUS) W+P1",,0.170509397983551,-0.9164712429046631,-0.1792426109313965,"mm.",-0.01391998026520014,-0.006983670871704817,-0.00155202962923795,"deg."
"BM4_NL",,"20260808 142941",22060,19,"CASE 19 (SUS) W+P1",,0.1836673766374588,-0.9425492286682129,-0.1795452386140823,"mm.",-0.01378345210105181,-0.006982017308473587,-0.001551158376969397,"deg."
"BM4_NL",,"20260808 142941",22070,19,"CASE 19 (SUS) W+P1",,0.2892656326293945,0,-0.2738819420337677,"mm.",0.01759965717792511,0.002769262529909611,-0.0003994133439846337,"deg."
"BM4_NL",,"20260808 142941",22100,19,"CASE 19 (SUS) W+P1",,0.1802926063537598,-0.01182233449071646,-0.318336009979248,"mm.",-0.001028257189318538,0.0123163741081953,0.0001433210127288476,"deg."
"BM4_NL",,"20260808 142941",22110,19,"CASE 19 (SUS) W+P1",,0.1489140540361404,-0.008971544913947582,-0.3271315395832062,"mm.",0.001106906565837562,0.01303202752023935,0.0001261452562175691,"deg."
"BM4_NL",,"20260808 142941",22115,19,"CASE 19 (SUS) W+P1",,0.1149684563279152,-0.006082878913730383,-0.3278053402900696,"mm.",0.001122946036048234,0.01303594373166561,0.000126385610201396,"deg."
"BM4_NL",,"20260808 142941",22120,19,"CASE 19 (SUS) W+P1",,0.04647061601281166,0,-0.3291643559932709,"mm.",0.001143858418799937,0.01304439269006252,0.0001268703927053139,"deg."
"BM4_NL",,"20260808 142941",22125,19,"CASE 19 (SUS) W+P1",,0.04511463269591331,-0.0006991809932515025,-0.2608354985713959,"mm.",0.001133671961724758,0.01305159740149975,0.0001042600051732734,"deg."
"BM4_NL",,"20260808 142941",22130,19,"CASE 19 (SUS) W+P1",,0.0444401428103447,-0.0009237712365575135,-0.2268356382846832,"mm.",0.001128605101257563,0.01305400393903255,0,"deg."
"BM4_NL",,"20260808 142941",22140,19,"CASE 19 (SUS) W+P1",,0,0,-0.08787313103675842,"mm.",0,0.01314259506762028,0.001581285265274346,"deg."
"BM4_NL",,"20260808 142941",22190,19,"CASE 19 (SUS) W+P1",,-0.06233203783631325,-0.05553984269499779,0.1015548929572105,"mm.",-0.001376781146973372,0.01216676272451878,0.004001476336270571,"deg."
"BM4_NL",,"20260808 142941",22200,19,"CASE 19 (SUS) W+P1",,-0.1211116313934326,-0.09154411405324936,0.2585572302341461,"mm.",-0.002756931353360415,0.01006885524839163,0.0004684089217334986,"deg."
"BM4_NL",,"20260808 142941",22210,19,"CASE 19 (SUS) W+P1",,-0.1637808233499527,-0.07876061648130417,0.3500867784023285,"mm.",-0.003758807666599751,0.007829835638403893,-0.002859813859686255,"deg."
"BM4_NL",,"20260808 142941",22220,19,"CASE 19 (SUS) W+P1",,-0.238492488861084,0,0.4446446597576141,"mm.",-0.005513045005500317,0.00245862896554172,-0.004192546010017395,"deg."
"BM4_NL",,"20260808 142941",22249,19,"CASE 19 (SUS) W+P1",,-0.3446901738643646,0.09923567622900009,0.3509257435798645,"mm.",-0.008543422445654869,-0.002448578597977757,-0.00433862442150712,"deg."
"BM4_NL",,"20260808 142941",22250,19,"CASE 19 (SUS) W+P1",,-0.3475014865398407,0.07894276827573776,0.3506781756877899,"mm.",-0.009651774540543556,0.004167155362665653,-0.004027091898024082,"deg."
"BM4_NL",,"20260808 142941",22260,19,"CASE 19 (SUS) W+P1",,-0.3650337159633636,0,0.3186019062995911,"mm.",-0.01167342811822891,0.0005979440174996853,-0.003719408996403217,"deg."
"BM4_NL",,"20260808 142941",22310,19,"CASE 19 (SUS) W+P1",,0.2422277182340622,0,0,"mm.",0.006493412889540195,-0.008626787923276424,-0.0006633088923990726,"deg."
"BM4_NL",,"20260808 142941",22349,19,"CASE 19 (SUS) W+P1",,0.3416393995285034,0.03198281303048134,-0.1647065877914429,"mm.",0.00111946917604655,-0.0009314873022958636,0.001073637045919895,"deg."
"BM4_NL",,"20260808 142941",22350,19,"CASE 19 (SUS) W+P1",,0.3452848196029663,0.02971716225147247,-0.1768084466457367,"mm.",0.0009983911877498031,-0.007397990208119154,0.001750473864376545,"deg."
"BM4_NL",,"20260808 142941",22360,19,"CASE 19 (SUS) W+P1",,0.299639105796814,0,-0.2284774482250214,"mm.",0.0008664006600156426,-0.002434130059555173,0.004724552389234304,"deg."
"BM4_NL",,"20260808 142941",22370,19,"CASE 19 (SUS) W+P1",,0.2997129261493683,0,-0.2284340709447861,"mm.",0.0008661879110150039,-0.002427109517157078,0.004732799716293812,"deg."
"BM4_NL",,"20260808 142941",22380,19,"CASE 19 (SUS) W+P1",,0.299786776304245,0,-0.2283908277750015,"mm.",0.0008659752202220261,-0.002420085947960615,0.004741048440337181,"deg."
"BM4_NL",,"20260808 142941",22390,19,"CASE 19 (SUS) W+P1",,0.2998606264591217,0.0001560597884235904,-0.2283477038145065,"mm.",0.0008657624712213874,-0.002413058886304498,0.004749314859509468,"deg."
"BM4_NL",,"20260808 142941",22400,19,"CASE 19 (SUS) W+P1",,0.1015289053320885,-0.1239081621170044,-0.07374399155378342,"mm.",0.0002922606945503503,0.005042699631303549,-0.005353809799998999,"deg."
"BM4_NL",,"20260808 142941",22470,19,"CASE 19 (SUS) W+P1",,0.02660496346652508,-0.0161854475736618,-0.006382331717759371,"mm.",0,0.001877449685707688,-0.004161916207522154,"deg."
"BM4_NL",,"20260808 142941",22480,19,"CASE 19 (SUS) W+P1",,0.0006734317867085338,-0.0001246045285370201,0,"mm.",0,0,0,"deg."
"BM4_NL",,"20260808 142941",22490,19,"CASE 19 (SUS) W+P1",,0,0,0,"mm.",0,0,0,"deg."
"BM4_NL",,"20260808 142941",20010,20,"CASE 20 (OPE) W+T1+P1",,2.671063899993896,0.8059571385383606,1.160316705703735,"mm.",0.01684177480638027,-0.03176058456301689,0.01946894824504852,"deg."
"BM4_NL",,"20260808 142941",20015,20,"CASE 20 (OPE) W+T1+P1",,2.670390844345093,0.8057787418365479,1.160025596618652,"mm.",0.01684177480638027,-0.03176058456301689,0.01946894824504852,"deg."
"BM4_NL",,"20260808 142941",20020,20,"CASE 20 (OPE) W+T1+P1",,2.435017347335815,0.739980161190033,1.052666425704956,"mm.",0.01684177480638027,-0.03176058456301689,0.01946931518614292,"deg."
"BM4_NL",,"20260808 142941",20030,20,"CASE 20 (OPE) W+T1+P1",,0,0,0,"mm.",0.01684177480638027,-0.03176058456301689,0.02954115532338619,"deg."
"BM4_NL",,"20260808 142941",20090,20,"CASE 20 (OPE) W+T1+P1",,-3.364617109298706,0,-1.295305252075195,"mm.",0.01684177480638027,-0.020899448543787,-0.07765083760023117,"deg."
"BM4_NL",,"20260808 142941",20119,20,"CASE 20 (OPE) W+T1+P1",,-4.955879211425781,1.959915637969971,-1.608049154281616,"mm.",0.01504890620708466,-0.004770490806549788,-0.138620063662529,"deg."
"BM4_NL",,"20260808 142941",20120,20,"CASE 20 (OPE) W+T1+P1",,-5.756492614746094,1.913356900215149,-1.677745699882507,"mm.",0.01264363713562489,0.0009171132114715874,-0.141028419137001,"deg."
"BM4_NL",,"20260808 142941",20130,20,"CASE 20 (OPE) W+T1+P1",,-8.23286247253418,0.5772906541824341,-1.890218734741211,"mm.",0.009631176479160786,0.0171502809971571,-0.1294119209051132,"deg."
"BM4_NL",,"20260808 142941",20140,20,"CASE 20 (OPE) W+T1+P1",,-8.569507598876953,0.3870121836662292,-1.914860963821411,"mm.",0.008917622268199921,0.0194626972079277,-0.1280767768621445,"deg."
"BM4_NL",,"20260808 142941",20150,20,"CASE 20 (OPE) W+T1+P1",,-9.013128280639648,0.1333245933055878,-1.944635033607483,"mm.",0.007855881936848164,0.02254592068493366,-0.1264205574989319,"deg."
"BM4_NL",,"20260808 142941",20160,20,"CASE 20 (OPE) W+T1+P1",,-9.487565040588379,-0.1332836002111435,-1.96841824054718,"mm.",0.005447426345199347,0.02381269820034504,-0.1257815957069397,"deg."
"BM4_NL",,"20260808 142941",20161,20,"CASE 20 (OPE) W+T1+P1",,-9.18790340423584,0.03248947113752365,-1.955404281616211,"mm.",0.005463194102048874,0.02377278171479702,-0.125800758600235,"deg."
"BM4_NL",,"20260808 142941",20170,20,"CASE 20 (OPE) W+T1+P1",,-9.824347496032715,0,-3.335310697555542,"mm.",-0.009917848743498325,0.01364835910499096,-0.1307438462972641,"deg."
"BM4_NL",,"20260808 142941",20220,20,"CASE 20 (OPE) W+T1+P1",,-10.01933574676514,-0.5907920002937317,-4.691972732543945,"mm.",-0.04484322667121887,0.008727104403078556,-0.1356682479381561,"deg."
"BM4_NL",,"20260808 142941",20230,20,"CASE 20 (OPE) W+T1+P1",,-10.10892868041992,-0.7754307985305786,-4.898764610290527,"mm.",-0.04847897589206696,0.008144688792526722,-0.1371343731880188,"deg."
"BM4_NL",,"20260808 142941",20240,20,"CASE 20 (OPE) W+T1+P1",,-9.195903778076172,-0.1134554520249367,-1.263753652572632,"mm.",-0.005304357968270779,0.03712230175733566,-0.1181349530816078,"deg."
"BM4_NL",,"20260808 142941",20250,20,"CASE 20 (OPE) W+T1+P1",,-8.347162246704102,0,0,"mm.",0.0005922748823650181,0.0617857500910759,-0.1044234484434128,"deg."
"BM4_NL",,"20260808 142941",20280,20,"CASE 20 (OPE) W+T1+P1",,-7.808793544769287,-0.04899106547236443,0.5850031971931458,"mm.",0.007309912703931332,0.07354705035686493,-0.09807775914669037,"deg."
"BM4_NL",,"20260808 142941",20290,20,"CASE 20 (OPE) W+T1+P1",,-7.653480052947998,-0.1484484076499939,0.8043447732925415,"mm.",0.008409924805164337,0.08799110352993011,-0.09158676117658615,"deg."
"BM4_NL",,"20260808 142941",20295,20,"CASE 20 (OPE) W+T1+P1",,-7.401041984558105,-0.1771989464759827,0.9879777431488037,"mm.",0.005671883933246136,0.1145646423101425,-0.07745232433080673,"deg."
"BM4_NL",,"20260808 142941",20296,20,"CASE 20 (OPE) W+T1+P1",,-7.28753662109375,-0.07501666992902756,0.9963279962539673,"mm.",0.005690345540642738,0.1145146861672401,-0.07731956243515015,"deg."
"BM4_NL",,"20260808 142941",20300,20,"CASE 20 (OPE) W+T1+P1",,1.732394099235535,0,3.546653270721436,"mm.",0.02789748087525368,0.3450910449028015,-0.09792882204055786,"deg."
"BM4_NL",,"20260808 142941",20329,20,"CASE 20 (OPE) W+T1+P1",,8.214674949645996,-0.9558280110359192,4.999889850616455,"mm.",0.07225289195775986,0.2903132736682892,-0.1013615503907204,"deg."
"BM4_NL",,"20260808 142941",20330,20,"CASE 20 (OPE) W+T1+P1",,8.815586090087891,-0.8477013111114502,5.292642116546631,"mm.",0.07698379456996918,0.2656883299350739,-0.09000161290168762,"deg."
"BM4_NL",,"20260808 142941",20339,20,"CASE 20 (OPE) W+T1+P1",,9.709831237792969,0.1341094672679901,6.435105323791504,"mm.",0.06095235049724579,0.1768635660409927,-0.03788187354803085,"deg."
"BM4_NL",,"20260808 142941",20340,20,"CASE 20 (OPE) W+T1+P1",,9.546624183654785,0.2739548683166504,6.940338134765625,"mm.",0.05160940438508987,0.1351263225078583,-0.007065077777951956,"deg."
"BM4_NL",,"20260808 142941",20350,20,"CASE 20 (OPE) W+T1+P1",,8.42661190032959,0,8.470443725585938,"mm.",0.04890160635113716,0.06727652996778488,0.03300862386822701,"deg."
"BM4_NL",,"20260808 142941",20390,20,"CASE 20 (OPE) W+T1+P1",,0,0,0,"mm.",0.02852902002632618,-0.1187715083360672,-0.01838946342468262,"deg."
"BM4_NL",,"20260808 142941",20440,20,"CASE 20 (OPE) W+T1+P1",,-5.926002979278564,0,-6.581070899963379,"mm.",0.01425757352262735,-0.04274801537394524,-0.0002725123194977641,"deg."
"BM4_NL",,"20260808 142941",20480,20,"CASE 20 (OPE) W+T1+P1",,-8.494820594787598,-0.004069934599101543,-7.442354679107666,"mm.",0.008071152493357658,-0.00622272863984108,-0.004771048203110695,"deg."
"BM4_NL",,"20260808 142941",20499,20,"CASE 20 (OPE) W+T1+P1",,-9.414786338806152,0.08022221177816391,-7.358423233032227,"mm.",0.005340451374650002,0.003512930124998093,-0.009993753395974636,"deg."
"BM4_NL",,"20260808 142941",20500,20,"CASE 20 (OPE) W+T1+P1",,-9.487520217895508,0.07920897006988525,-7.158986568450928,"mm.",0.00453672930598259,0.002359625184908509,-0.01087599620223045,"deg."
"BM4_NL",,"20260808 142941",20510,20,"CASE 20 (OPE) W+T1+P1",,-9.487423896789551,0.07903460413217545,-7.156050205230713,"mm.",0.0045360685326159,0.002402246929705143,-0.01088286377489567,"deg."
"BM4_NL",,"20260808 142941",20520,20,"CASE 20 (OPE) W+T1+P1",,-9.348642349243164,0,-6.109167575836182,"mm.",0.008600679226219654,0.01674591563642025,-0.01333102211356163,"deg."
"BM4_NL",,"20260808 142941",20550,20,"CASE 20 (OPE) W+T1+P1",,-5.487177848815918,0,0,"mm.",-0.002247299533337355,0.06656947731971741,-0.02761745452880859,"deg."
"BM4_NL",,"20260808 142941",20580,20,"CASE 20 (OPE) W+T1+P1",,0,0,5.972896575927734,"mm.",-0.001285338890738785,0.05935481190681458,-0.04158547893166542,"deg."
"BM4_NL",,"20260808 142941",20640,20,"CASE 20 (OPE) W+T1+P1",,2.988785266876221,0,11.11087322235107,"mm.",-0.002103265607729554,0.02469091489911079,-0.0536009855568409,"deg."
"BM4_NL",,"20260808 142941",20670,20,"CASE 20 (OPE) W+T1+P1",,3.275759220123291,-0.01010384596884251,12.1291561126709,"mm.",0.002309596864506602,0.01671108603477478,-0.055982306599617,"deg."
"BM4_NL",,"20260808 142941",20689,20,"CASE 20 (OPE) W+T1+P1",,3.312525987625122,-0.09718913584947586,12.67861080169678,"mm.",-0.008136113174259663,0.008496594615280628,-0.05853692442178726,"deg."
"BM4_NL",,"20260808 142941",20690,20,"CASE 20 (OPE) W+T1+P1",,3.152144193649292,-0.2790488600730896,12.7990779876709,"mm.",-0.01923241466283798,0.005192696582525969,-0.06078891083598137,"deg."
"BM4_NL",,"20260808 142941",20698,20,"CASE 20 (OPE) W+T1+P1",,2.569746971130371,-0.9762155413627625,12.9799165725708,"mm.",-0.01902490481734276,-0.002233830979093909,-0.06220947206020355,"deg."
"BM4_NL",,"20260808 142941",20699,20,"CASE 20 (OPE) W+T1+P1",,2.3264319896698,-1.106874585151672,13.02770328521729,"mm.",-0.0179417971521616,-0.005293803755193949,-0.05217783898115158,"deg."
"BM4_NL",,"20260808 142941",20700,20,"CASE 20 (OPE) W+T1+P1",,2.073722362518311,-1.055839061737061,13.02587795257568,"mm.",-0.01690944656729698,-0.01041838619858027,-0.0417000874876976,"deg."
"BM4_NL",,"20260808 142941",20710,20,"CASE 20 (OPE) W+T1+P1",,0,0,12.50820064544678,"mm.",-0.01713926903903484,-0.02586734667420387,-0.02564987726509571,"deg."
"BM4_NL",,"20260808 142941",20760,20,"CASE 20 (OPE) W+T1+P1",,-2.090929508209229,0.3725062608718872,11.58217906951904,"mm.",-0.01737102866172791,-0.03884682431817055,-0.007496170233935118,"deg."
"BM4_NL",,"20260808 142941",21429,20,"CASE 20 (OPE) W+T1+P1",,-5.200588703155518,2.066299915313721,1.392228960990906,"mm.",0.02077228203415871,0.05814571306109428,-0.1300494819879532,"deg."
"BM4_NL",,"20260808 142941",21430,20,"CASE 20 (OPE) W+T1+P1",,-4.837835788726807,1.723274350166321,1.269768118858337,"mm.",0.02310226485133171,0.04707710444927216,-0.1575552821159363,"deg."
"BM4_NL",,"20260808 142941",21470,20,"CASE 20 (OPE) W+T1+P1",,-4.043041229248047,0,0.8303086757659912,"mm.",0.02310226485133171,0.03452390432357788,-0.132833793759346,"deg."
"BM4_NL",,"20260808 142941",21480,20,"CASE 20 (OPE) W+T1+P1",,0,0,0,"mm.",0.02310226485133171,0.005452901124954224,0.04907060787081718,"deg."
"BM4_NL",,"20260808 142941",21550,20,"CASE 20 (OPE) W+T1+P1",,1.681490063667297,0.8314955234527588,-0.1245789527893066,"mm.",0.02310226485133171,0.005452901124954224,0.02950284816324711,"deg."
"BM4_NL",,"20260808 142941",21560,20,"CASE 20 (OPE) W+T1+P1",,2.134965658187866,1.008944511413574,-0.1581762284040451,"mm.",0.02310226485133171,0.005452901124954224,0.02865112386643887,"deg."
"BM4_NL",,"20260808 142941",21580,20,"CASE 20 (OPE) W+T1+P1",,2.316346883773804,1.083554029464722,-0.1723781377077103,"mm.",0.02310226485133171,0.005452901124954224,0.02865047566592693,"deg."
"BM4_NL",,"20260808 142941",21589,20,"CASE 20 (OPE) W+T1+P1",,-9.917274475097656,-0.8959505558013916,-5.259468555450439,"mm.",-0.06853644549846649,0.005877405405044556,-0.1404964923858643,"deg."
"BM4_NL",,"20260808 142941",21590,20,"CASE 20 (OPE) W+T1+P1",,-9.38770866394043,-0.7515538334846497,-5.652788639068604,"mm.",-0.08058085292577744,0.004917838610708714,-0.144596666097641,"deg."
"BM4_NL",,"20260808 142941",21599,20,"CASE 20 (OPE) W+T1+P1",,-5.186836719512939,1.110297799110413,-7.956860542297363,"mm.",-0.08058085292577744,0.004917838610708714,-0.1221227571368217,"deg."
"BM4_NL",,"20260808 142941",21600,20,"CASE 20 (OPE) W+T1+P1",,-4.746567249298096,0.8039118647575378,-8.100914001464844,"mm.",-0.08058085292577744,0.004917838610708714,-0.09472158551216125,"deg."
"BM4_NL",,"20260808 142941",21610,20,"CASE 20 (OPE) W+T1+P1",,-4.04831075668335,0,-8.147709846496582,"mm.",-0.08058085292577744,0.004917838610708714,-0.06797481328248978,"deg."
"BM4_NL",,"20260808 142941",21640,20,"CASE 20 (OPE) W+T1+P1",,0,0,-8.419020652770996,"mm.",-0.08058085292577744,0.004917838610708714,0.02329811453819275,"deg."
"BM4_NL",,"20260808 142941",21700,20,"CASE 20 (OPE) W+T1+P1",,2.169258117675781,0.4314349293708801,-8.564512252807617,"mm.",-0.08058085292577744,0.004917838610708714,0.01097805611789227,"deg."
"BM4_NL",,"20260808 142941",21710,20,"CASE 20 (OPE) W+T1+P1",,2.377586126327515,0.4642734229564667,-8.579228401184082,"mm.",-0.08058085292577744,0.004917838610708714,0.01097760815173388,"deg."
"BM4_NL",,"20260808 142941",21719,20,"CASE 20 (OPE) W+T1+P1",,-2.247090339660645,0.3723387122154236,11.40157794952393,"mm.",-0.01741741970181465,-0.0311852004379034,-0.007122400682419538,"deg."
"BM4_NL",,"20260808 142941",21720,20,"CASE 20 (OPE) W+T1+P1",,-2.251787662506104,0.3316522538661957,11.17245769500732,"mm.",-0.01709807850420475,-0.02322364971041679,-0.00715174525976181,"deg."
"BM4_NL",,"20260808 142941",21730,20,"CASE 20 (OPE) W+T1+P1",,-2.072828054428101,0.2084985077381134,10.6339864730835,"mm.",-0.0164618231356144,-0.02548256330192089,-0.007166930474340916,"deg."
"BM4_NL",,"20260808 142941",21740,20,"CASE 20 (OPE) W+T1+P1",,-1.720072746276855,0,9.670551300048828,"mm.",-0.01585835032165051,-0.02796997874975204,-0.00719410041347146,"deg."
"BM4_NL",,"20260808 142941",21780,20,"CASE 20 (OPE) W+T1+P1",,-1.322925925254822,-0.1589890867471695,8.642858505249023,"mm.",0.0002423141413601115,-0.02842535078525543,-0.007223081775009632,"deg."
"BM4_NL",,"20260808 142941",21783,20,"CASE 20 (OPE) W+T1+P1",,-1.250463843345642,-0.1583138406276703,8.465336799621582,"mm.",0.0003675467451103032,-0.02842216566205025,-0.007223186083137989,"deg."
"BM4_NL",,"20260808 142941",21786,20,"CASE 20 (OPE) W+T1+P1",,-0.9450183510780334,-0.151050791144371,7.716654300689697,"mm.",0.0009720658999867737,-0.02839235216379166,-0.007223625667393208,"deg."
"BM4_NL",,"20260808 142941",21790,20,"CASE 20 (OPE) W+T1+P1",,-0.8726503849029541,-0.1483039855957031,7.539132118225098,"mm.",0.001088863238692284,-0.02838139981031418,-0.007223729509860277,"deg."
"BM4_NL",,"20260808 142941",21800,20,"CASE 20 (OPE) W+T1+P1",,-0.5035778880119324,0,6.511439323425293,"mm.",0.01192865706980228,-0.02399258501827717,-0.007252711337059736,"deg."
"BM4_NL",,"20260808 142941",21850,20,"CASE 20 (OPE) W+T1+P1",,-0.2023894488811493,0.1066745296120644,5.444323062896729,"mm.",0.002248995238915086,-0.01703430525958538,-0.007282805163413286,"deg."
"BM4_NL",,"20260808 142941",21860,20,"CASE 20 (OPE) W+T1+P1",,0,0,4.15491771697998,"mm.",-0.01686449348926544,-0.005362825933843851,-0.007319167256355286,"deg."
"BM4_NL",,"20260808 142941",21890,20,"CASE 20 (OPE) W+T1+P1",,0.01883808337152004,-0.1367239058017731,3.673187017440796,"mm.",-0.01880197040736675,-0.0006125402287580073,-0.007332752458751202,"deg."
"BM4_NL",,"20260808 142941",21893,20,"CASE 20 (OPE) W+T1+P1",,0.02034757472574711,-0.1848105937242508,3.495664596557617,"mm.",-0.01873556338250637,-0.0005790740251541138,-0.007332856766879559,"deg."
"BM4_NL",,"20260808 142941",21896,20,"CASE 20 (OPE) W+T1+P1",,0.02584821730852127,-0.3836764097213745,2.746982574462891,"mm.",-0.01814083009958267,-0.0004561642126645893,-0.007333296351134777,"deg."
"BM4_NL",,"20260808 142941",21900,20,"CASE 20 (OPE) W+T1+P1",,0.02697011455893517,-0.4296655654907227,2.569459915161133,"mm.",-0.01798672787845135,-0.0004313433018978685,-0.007333400659263134,"deg."
"BM4_NL",,"20260808 142941",21930,20,"CASE 20 (OPE) W+T1+P1",,-0.1596560776233673,0,0,"mm.",0.01624544896185398,0.00836578756570816,-0.007405861746519804,"deg."
"BM4_NL",,"20260808 142941",21990,20,"CASE 20 (OPE) W+T1+P1",,-0.2681441307067871,0.1245054453611374,-0.9702678322792053,"mm.",0.005819279234856367,0.007580248638987541,-0.007433243561536074,"deg."
"BM4_NL",,"20260808 142941",21993,20,"CASE 20 (OPE) W+T1+P1",,-0.2878853380680084,0.1396075338125229,-1.151641488075256,"mm.",0.00580934714525938,0.00757195008918643,-0.007433349266648293,"deg."
"BM4_NL",,"20260808 142941",21996,20,"CASE 20 (OPE) W+T1+P1",,-0.2915010750293732,0.1423755586147308,-1.184884071350098,"mm.",0.005808242131024599,0.007570241112262011,-0.007433369290083647,"deg."
"BM4_NL",,"20260808 142941",22000,20,"CASE 20 (OPE) W+T1+P1",,-0.3112135231494904,0.1574888080358505,-1.366257667541504,"mm.",0.005803908687084913,0.007559895515441895,-0.007433475460857153,"deg."
"BM4_NL",,"20260808 142941",22010,20,"CASE 20 (OPE) W+T1+P1",,-0.3334417641162872,0.1205383837223053,-1.548400044441223,"mm.",0.005085624288767576,0.00517170550301671,-0.00755497720092535,"deg."
"BM4_NL",,"20260808 142941",22020,20,"CASE 20 (OPE) W+T1+P1",,0,0,-2.695555448532104,"mm.",-0.02892636135220528,-0.05317680537700653,-0.005982005968689919,"deg."
"BM4_NL",,"20260808 142941",22050,20,"CASE 20 (OPE) W+T1+P1",,1.841306686401367,-0.767192542552948,-4.196954727172852,"mm.",-0.01412960235029459,-0.1093107536435127,-0.003923296928405762,"deg."
"BM4_NL",,"20260808 142941",22053,20,"CASE 20 (OPE) W+T1+P1",,2.047292232513428,-0.7937356233596802,-4.327969074249268,"mm.",-0.01400864124298096,-0.1093221232295036,-0.003920910879969597,"deg."
"BM4_NL",,"20260808 142941",22056,20,"CASE 20 (OPE) W+T1+P1",,2.786403894424438,-0.886822521686554,-4.798080444335938,"mm.",-0.01351535879075527,-0.1092894449830055,-0.003912348300218582,"deg."
"BM4_NL",,"20260808 142941",22060,20,"CASE 20 (OPE) W+T1+P1",,2.992310523986816,-0.9121400713920593,-4.929094791412354,"mm.",-0.01338084228336811,-0.1092598661780357,-0.00390996178612113,"deg."
"BM4_NL",,"20260808 142941",22070,20,"CASE 20 (OPE) W+T1+P1",,4.704952239990234,0,-7.229732990264893,"mm.",0.0152619481086731,0.03548242524266243,-0.0007553420728072524,"deg."
"BM4_NL",,"20260808 142941",22100,20,"CASE 20 (OPE) W+T1+P1",,3.200803756713867,-0.04620452597737312,-8.313858032226562,"mm.",-0.002484508324414492,0.1728342771530151,0.0007312025991268456,"deg."
"BM4_NL",,"20260808 142941",22110,20,"CASE 20 (OPE) W+T1+P1",,2.761152744293213,0.001561545650474727,-8.492901802062988,"mm.",-0.0002329907583771273,0.1831067353487015,0,"deg."
"BM4_NL",,"20260808 142941",22115,20,"CASE 20 (OPE) W+T1+P1",,2.284198045730591,0.0009588506072759628,-8.674275398254395,"mm.",-0.0002171537489630282,0.1831627488136292,0.0001006298480206169,"deg."
"BM4_NL",,"20260808 142941",22120,20,"CASE 20 (OPE) W+T1+P1",,1.321757674217224,0,-9.040092468261719,"mm.",-0.0001958837965503335,0.1832833737134933,0.0001033641819958575,"deg."
"BM4_NL",,"20260808 142941",22125,20,"CASE 20 (OPE) W+T1+P1",,0.9571165442466736,-0.0005815154872834682,-8.080045700073242,"mm.",-0.0002049506001640111,0.1833951771259308,0,"deg."
"BM4_NL",,"20260808 142941",22130,20,"CASE 20 (OPE) W+T1+P1",,0.7757381796836853,-0.000750151404645294,-7.602302551269531,"mm.",-0.000209460558835417,0.1834406703710556,0,"deg."
"BM4_NL",,"20260808 142941",22140,20,"CASE 20 (OPE) W+T1+P1",,0,0,-5.629949569702148,"mm.",-0.001136767794378102,0.1893083453178406,0.001609548344276845,"deg."
"BM4_NL",,"20260808 142941",22190,20,"CASE 20 (OPE) W+T1+P1",,-1.089209914207458,-0.05592028424143791,-2.817907810211182,"mm.",-0.002439455594867468,0.1881062090396881,0.004022505134344101,"deg."
"BM4_NL",,"20260808 142941",22200,20,"CASE 20 (OPE) W+T1+P1",,-2.116343259811401,-0.09212073683738708,-0.2544583976268768,"mm.",-0.003667900338768959,0.1768630743026733,0.0004735721449833363,"deg."
"BM4_NL",,"20260808 142941",22210,20,"CASE 20 (OPE) W+T1+P1",,-2.861958026885986,-0.07930946350097656,1.47294819355011,"mm.",-0.004559650551527739,0.1625542044639587,-0.002871666336432099,"deg."
"BM4_NL",,"20260808 142941",22220,20,"CASE 20 (OPE) W+T1+P1",,-4.16749382019043,0,4.053440570831299,"mm.",-0.00612106267362833,0.1250462234020233,-0.004245332907885313,"deg."
"BM4_NL",,"20260808 142941",22249,20,"CASE 20 (OPE) W+T1+P1",,-6.340588569641113,0.1011709943413734,6.316005706787109,"mm.",-0.008821683004498482,0.01309425476938486,-0.004436073359102011,"deg."
"BM4_NL",,"20260808 142941",22250,20,"CASE 20 (OPE) W+T1+P1",,-6.418882846832275,0.08031216263771057,6.125095367431641,"mm.",-0.009861377067863941,-0.01306322682648897,-0.004135919734835625,"deg."
"BM4_NL",,"20260808 142941",22260,20,"CASE 20 (OPE) W+T1+P1",,-6.209450244903564,0,5.56483793258667,"mm.",-0.01182551775127649,-0.04079389572143555,-0.003821841906756163,"deg."
"BM4_NL",,"20260808 142941",22310,20,"CASE 20 (OPE) W+T1+P1",,2.474099159240723,0,0,"mm.",0.006525993347167969,-0.132559597492218,-0.0007022233330644667,"deg."
"BM4_NL",,"20260808 142941",22349,20,"CASE 20 (OPE) W+T1+P1",,6.375349044799805,0.03203268721699715,-3.140264987945557,"mm.",0.0011049450840801,-0.02722498029470444,0.001071002101525664,"deg."
"BM4_NL",,"20260808 142941",22350,20,"CASE 20 (OPE) W+T1+P1",,6.203229427337646,0.02975023724138737,-3.266901254653931,"mm.",0.0009835088858380914,-0.006970054004341364,0.001752002746798098,"deg."
"BM4_NL",,"20260808 142941",22360,20,"CASE 20 (OPE) W+T1+P1",,5.405601978302002,0,-3.165204048156738,"mm.",0.0008534858352504671,0.02347290329635143,0.004727518185973167,"deg."
"BM4_NL",,"20260808 142941",22370,20,"CASE 20 (OPE) W+T1+P1",,5.40688943862915,0,-3.165608167648315,"mm.",0.0008532762876711786,0.02351471409201622,0.004735762253403664,"deg."
"BM4_NL",,"20260808 142941",22380,20,"CASE 20 (OPE) W+T1+P1",,5.408176898956299,0,-3.16601300239563,"mm.",0.000853066798299551,0.02355654537677765,0.004744008183479309,"deg."
"BM4_NL",,"20260808 142941",22390,20,"CASE 20 (OPE) W+T1+P1",,5.409464359283447,0.0001561638491693884,-3.166418552398682,"mm.",0.0008528571925126016,0.02359840273857117,0.004752271808683872,"deg."
"BM4_NL",,"20260808 142941",22400,20,"CASE 20 (OPE) W+T1+P1",,1.943753004074097,-0.1239241063594818,-0.7143306136131287,"mm.",0.0002879042003769428,0.05134901776909828,-0.005354770459234715,"deg."
"BM4_NL",,"20260808 142941",22470,20,"CASE 20 (OPE) W+T1+P1",,0.6345081925392151,-0.01618699729442596,-0.05855999514460564,"mm.",0,0.01752730086445808,-0.00416235625743866,"deg."
"BM4_NL",,"20260808 142941",22480,20,"CASE 20 (OPE) W+T1+P1",,0.1813724040985107,-0.000124612808576785,-0.0002667638473212719,"mm.",0,0.0001617709058336914,0,"deg."
"BM4_NL",,"20260808 142941",22490,20,"CASE 20 (OPE) W+T1+P1",,0,0,0,"mm.",0,0,0,"deg."
