JOBNAME,ISSUE_NO,UPDATE_TIME,LCASE_NUM,CASE,LCASE_NAME,FROM_NODE,TO_NODE,AXIAL_FORCEF,SHEAR_FORCEF,BENDING_MOMENTF,TORSION_MOMENTF,AXIAL_FORCET,SHEAR_FORCET,BENDING_MOMENTT,TORSION_MOMENTT,FXF,FYF,FZF,FXT,FYT,FZT,FUNITS,MXF,MYF,MZF,MXT,MYT,MZT,MUNITS,ELEMENT_NAME
"BM4_NL",,"20260808 142941",19,"CASE 19 (SUS) W+P1",,20010,20015,0,0,0,0,0,0.7654392123222351,0.0002009257877944037,0,0,0,0,0,0.7654392123222351,0,"N. ",0,0,0,0,0,0.0002009257877944037,"N.m.. ",
"BM4_NL",,"20260808 142941",19,"CASE 19 (SUS) W+P1",,20015,20020,0,0.7654392123222351,0.0002009268209803849,0,0,1306.58837890625,126.601318359375,0,0,-0.7654392123222351,0,0,1306.58837890625,0,"N. ",0,0,-0.0002009268209803849,0,0,126.601318359375,"N.m.. ","FLANGE_FLG_900"
"BM4_NL",,"20260808 142941",19,"CASE 19 (SUS) W+P1",,20020,20030,0,1306.58837890625,126.601318359375,0,0,4075.323974609375,5236.73681640625,0,0,-1306.58837890625,0,0,4075.323974609375,0,"N. ",0,0,-126.601318359375,0,0,5236.73681640625,"N.m.. ",
"BM4_NL",,"20260808 142941",19,"CASE 19 (SUS) W+P1",,20030,20090,295.2781982421875,4395.3798828125,5236.73681640625,0,-295.2781982421875,571.7713623046875,1289.245361328125,0,-295.2781982421875,4394.8388671875,68.96099090576172,295.2781982421875,-567.5974731445312,-68.96099090576172,"N. ",0,0,-5236.73681640625,0,181.0229644775391,-1276.473388671875,"N.m.. ",
"BM4_NL",,"20260808 142941",19,"CASE 19 (SUS) W+P1",,20090,20119,295.2781982421875,1094.414184570312,1289.245361328125,0,-2092.740478515625,1676.574462890625,665.7120971679688,-173.6842956542969,-295.2781982421875,-1092.239379882812,68.96099090576172,295.2781982421875,2664.3046875,-68.96099090576172,"N. ",0,-181.0229644775391,1276.473388671875,-7.695523738861084,253.3223266601562,639.6150512695312,"N.m.. ",
"BM4_NL",,"20260808 142941",19,"CASE 19 (SUS) W+P1",,20119,20120,2092.740478515625,1676.574462890625,665.7120971679688,173.6842956542969,-3100.5908203125,303.2240600585938,874.345947265625,-261.0178527832031,-295.2781982421875,-2664.3046875,68.96099090576172,295.2781982421875,3100.5908203125,-68.96099090576172,"N. ",7.695523738861084,-253.3223266601562,-639.6150512695312,-26.2741813659668,261.0178527832031,873.9511108398438,"N.m.. ",
"BM4_NL",,"20260808 142941",19,"CASE 19 (SUS) W+P1",,20120,20130,3100.5908203125,303.2240600585938,874.345947265625,261.0178527832031,-4635.86181640625,303.2240600585938,571.6411743164062,-261.0178527832031,-295.2781982421875,-3100.5908203125,68.96099090576172,295.2781982421875,4635.86181640625,-68.96099090576172,"N. ",26.2741813659668,-261.0178527832031,-873.9511108398438,-98.89025115966797,261.0178527832031,563.0225219726562,"N.m.. ",
"BM4_NL",,"20260808 142941",19,"CASE 19 (SUS) W+P1",,20130,20140,4635.86181640625,303.2240600585938,571.6411743164062,261.0178527832031,-4854.560546875,303.2240600585938,530.1072387695312,-261.0178527832031,-295.2781982421875,-4635.86181640625,68.96099090576172,295.2781982421875,4854.560546875,-68.96099090576172,"N. ",98.89025115966797,-261.0178527832031,-563.0225219726562,-109.2344207763672,261.0178527832031,518.730712890625,"N.m.. ",
"BM4_NL",,"20260808 142941",19,"CASE 19 (SUS) W+P1",,20140,20150,4854.560546875,303.2240600585938,530.1072387695312,261.0178527832031,-5146.16015625,303.2240600585938,475.8535766601562,-261.0178527832031,-295.2781982421875,-4854.560546875,68.96099090576172,295.2781982421875,5146.16015625,-68.96099090576172,"N. ",109.2344207763672,-261.0178527832031,-518.730712890625,-123.0266418457031,261.0178527832031,459.6749572753906,"N.m.. ",
"BM4_NL",,"20260808 142941",19,"CASE 19 (SUS) W+P1",,20160,20170,0,3559.115966796875,1959.282104492188,-89.54900360107422,0,5109.86572265625,2831.51513671875,89.54900360107422,-284.9772033691406,-3547.688720703125,0,284.9772033691406,5101.9130859375,0,"N. ",-1812.985229492188,742.8800048828125,89.54900360107422,-2797.261962890625,-439.0937194824219,-89.54900360107422,"N.m.. ",
"BM4_NL",,"20260808 142941",19,"CASE 19 (SUS) W+P1",,20170,20220,0.1378438025712967,2930.8408203125,2831.515869140625,-89.52825164794922,-0.06494841724634171,1403.626586914062,544.7962646484375,89.52825164794922,-284.9772033691406,2916.953125,0,284.9772033691406,-1374.392822265625,0,"N. ",2797.261962890625,439.0937194824219,89.54900360107422,-527.13525390625,-137.5872497558594,-89.53475952148438,"N.m.. ",
"BM4_NL",,"20260808 142941",19,"CASE 19 (SUS) W+P1",,20220,20230,-205.7444763183594,1388.465698242188,541.212158203125,-109.1224517822266,174.0145874023438,1184.138671875,311.2341613769531,109.1224517822266,-284.9772033691406,1374.392822265625,0,284.9772033691406,-1162.434204101562,0,"N. ",527.13525390625,137.5872497558594,89.53475952148438,-302.9501647949219,-86.86121368408203,-97.21491241455078,"N.m.. ",
"BM4_NL",,"20260808 142941",19,"CASE 19 (SUS) W+P1",,20150,20161,5146.16015625,303.2240600585938,475.8535766601562,261.0178527832031,-5262.07080078125,303.2240600585938,454.7364807128906,-261.0178527832031,-295.2781982421875,-5146.16015625,68.96099090576172,295.2781982421875,5262.07080078125,-68.96099090576172,"N. ",123.0266418457031,-261.0178527832031,-459.6749572753906,-128.5090484619141,261.0178527832031,436.2002868652344,"N.m.. ",
"BM4_NL",,"20260808 142941",19,"CASE 19 (SUS) W+P1",,20161,20160,5262.07080078125,303.2240600585938,454.7364807128906,261.0178527832031,-5262.07080078125,303.2240600585938,419.2316284179688,-261.0178527832031,-295.2781982421875,-5262.07080078125,68.96099090576172,295.2781982421875,5262.07080078125,-68.96099090576172,"N. ",128.5090484619141,-261.0178527832031,-436.2002868652344,-137.9222412109375,261.0178527832031,395.8947143554688,"N.m.. ",
"BM4_NL",,"20260808 142941",19,"CASE 19 (SUS) W+P1",,20160,20240,68.96099090576172,1714.413208007812,2194.048828125,-485.4437561035156,-68.96099090576172,2515.92236328125,1271.856079101562,485.4437561035156,-10.30100440979004,-1714.382202148438,68.96099090576172,10.30103302001953,2515.9013671875,-68.96099090576172,"N. ",1950.907348632812,-1003.897888183594,-485.4437561035156,-788.1272583007812,998.2350463867188,485.4437561035156,"N.m.. ",
"BM4_NL",,"20260808 142941",19,"CASE 19 (SUS) W+P1",,20240,20250,68.96099090576172,2515.92236328125,1271.856079101562,-485.4437561035156,-68.96099090576172,3953.3681640625,2596.29931640625,485.4437561035156,-10.30103302001953,-2515.9013671875,68.96099090576172,10.30103302001953,3953.354736328125,-68.96099090576172,"N. ",788.1272583007812,-998.2350463867188,-485.4437561035156,2400.930908203125,988.0791015625,485.4437561035156,"N.m.. ",
"BM4_NL",,"20260808 142941",19,"CASE 19 (SUS) W+P1",,20250,20280,36.98841857910156,3733.661376953125,2596.29931640625,-485.4437561035156,-36.98841857910156,3068.409912109375,1299.239379882812,485.4437561035156,-10.30103302001953,3733.647216796875,36.98841857910156,10.30103302001953,-3068.392578125,-36.98841857910156,"N. ",-2400.930908203125,-988.0791015625,-485.4437561035156,849.110595703125,983.3789672851562,485.4437561035156,"N.m.. ",
"BM4_NL",,"20260808 142941",19,"CASE 19 (SUS) W+P1",,20280,20290,-830.2667846679688,2954.17724609375,1374.131469726562,-188.2579650878906,776.4033813476562,2771.03271484375,1125.076782226562,188.2579650878906,-10.30103302001953,3068.392578125,36.98841857910156,10.30103302001953,-2877.490478515625,-36.98841857910156,"N. ",-849.110595703125,-983.3789672851562,-485.4437561035156,320.4299926757812,981.54541015625,484.9044799804688,"N.m.. ",
"BM4_NL",,"20260808 142941",19,"CASE 19 (SUS) W+P1",,20290,20295,36.98841857910156,2877.509033203125,1032.5244140625,-484.9044799804688,-36.98841857910156,2797.9150390625,983.7825927734375,484.9044799804688,-10.30103302001953,2877.490478515625,36.98841857910156,10.30103397369385,-2797.89599609375,-36.98841857910156,"N. ",-320.4299926757812,-981.54541015625,-484.9044799804688,-85.36091613769531,980.072265625,484.9044799804688,"N.m.. ",
"BM4_NL",,"20260808 142941",19,"CASE 19 (SUS) W+P1",,20295,20300,63.16922378540039,651.1637573242188,1093.647583007812,-201.2590026855469,-63.16922378540039,827.0595092773438,157.2555694580078,201.2590026855469,-482.3317260742188,437.4589233398438,63.16922378540039,482.3316955566406,671.850830078125,-63.16922378540039,"N. ",136.5968475341797,-1085.083618164062,-201.2590026855469,96.97511291503906,123.7947463989258,201.2590026855469,"N.m.. ",
"BM4_NL",,"20260808 142941",19,"CASE 19 (SUS) W+P1",,20300,20329,63.16922378540039,693.0460205078125,157.2555694580078,-201.2590026855469,34.37613677978516,497.9440307617188,458.7314453125,-114.6538314819336,-482.3316955566406,497.6634521484375,63.16922378540039,482.3316955566406,111.7844924926758,-63.16922378540039,"N. ",-96.97511291503906,-123.7947463989258,-201.2590026855469,-111.602165222168,-395.6989440917969,233.5537261962891,"N.m.. ",
"BM4_NL",,"20260808 142941",19,"CASE 19 (SUS) W+P1",,20329,20330,-34.37613677978516,497.9440307617188,458.7314453125,114.6538314819336,211.7181091308594,486.4506225585938,324.7164611816406,-427.9937438964844,-482.3316955566406,-111.7844924926758,63.16922378540039,482.3316955566406,211.7181091308594,-63.16922378540039,"N. ",111.602165222168,395.6989440917969,-233.5537261962891,-91.62933349609375,-427.9937438964844,311.5202026367188,"N.m.. ",
"BM4_NL",,"20260808 142941",19,"CASE 19 (SUS) W+P1",,20330,20339,-211.7181091308594,486.4506225585938,324.7164611816406,427.9937438964844,103.5519714355469,788.2073364257812,778.3657836914062,-267.5243835449219,-482.3316955566406,-211.7181091308594,63.16922378540039,482.3316955566406,628.7763061523438,-63.16922378540039,"N. ",91.62933349609375,427.9937438964844,-311.5202026367188,-45.4276123046875,-423.7641906738281,704.1184692382812,"N.m.. ",
"BM4_NL",,"20260808 142941",19,"CASE 19 (SUS) W+P1",,20339,20340,-103.5519714355469,788.2073364257812,778.3657836914062,267.5243835449219,-482.3316955566406,731.4427490234375,942.1830444335938,41.19808197021484,-482.3316955566406,-628.7763061523438,63.16922378540039,482.3316955566406,728.7098999023438,-63.16922378540039,"N. ",45.4276123046875,423.7641906738281,-704.1184692382812,-41.19808197021484,-413.55322265625,846.5711059570312,"N.m.. ",
"BM4_NL",,"20260808 142941",19,"CASE 19 (SUS) W+P1",,20340,20350,482.3316955566406,731.4427490234375,942.1830444335938,-41.19808197021484,-482.3316955566406,1217.599853515625,1735.14208984375,41.19808197021484,-482.3316955566406,-728.7098999023438,63.16922378540039,482.3316955566406,1215.960083007812,-63.16922378540039,"N. ",41.19808197021484,413.55322265625,-846.5711059570312,-41.19808197021484,-358.2547607421875,1697.7548828125,"N.m.. ",
"BM4_NL",,"20260808 142941",19,"CASE 19 (SUS) W+P1",,20350,20390,482.3316955566406,1823.746948242188,1735.14208984375,-41.19808197021484,-482.3316955566406,1844.3447265625,1766.571655273438,41.19808197021484,-482.3316955566406,1822.652587890625,63.16922378540039,482.3316955566406,1843.262573242188,-63.16922378540039,"N. ",41.19808197021484,358.2547607421875,-1697.7548828125,-41.19808197021484,57.79305648803711,1765.626098632812,"N.m.. ",
"BM4_NL",,"20260808 142941",19,"CASE 19 (SUS) W+P1",,20390,20440,26.59358787536621,1541.773315429688,1766.571655273438,-41.19808197021484,-26.59358787536621,1026.860107421875,605.2238159179688,41.19808197021484,-26.59358787536621,1541.541748046875,26.71893882751465,26.59358787536621,1026.512451171875,-26.71893882751465,"N. ",41.19808197021484,-57.79305648803711,-1765.626098632812,-41.19808197021484,181.0691070556641,577.5031127929688,"N.m.. ",
"BM4_NL",,"20260808 142941",19,"CASE 19 (SUS) W+P1",,20440,20480,26.59358787536621,1011.293701171875,605.2238159179688,-41.19808197021484,-26.59358787536621,105.6983489990234,405.795166015625,41.19808197021484,-26.59358787536621,1010.940673828125,26.71893882751465,26.59358787536621,102.2655334472656,-26.71893882751465,"N. ",41.19808197021484,-181.0691070556641,-577.5031127929688,-41.19808197021484,234.5070953369141,-331.1738891601562,"N.m.. ",
"BM4_NL",,"20260808 142941",19,"CASE 19 (SUS) W+P1",,20480,20499,26.59358787536621,105.6983489990234,405.795166015625,-41.19808197021484,-37.69765090942383,518.0151977539062,265.4566650390625,-70.38863372802734,-26.59358787536621,-102.2655334472656,26.71893882751465,26.59358787536621,518.0151977539062,-26.71893882751465,"N. ",41.19808197021484,-234.5070953369141,331.1738891601562,-8.791479110717773,252.2058258056641,-108.3362197875977,"N.m.. ",
"BM4_NL",,"20260808 142941",19,"CASE 19 (SUS) W+P1",,20499,20500,37.69765090942383,518.0151977539062,265.4566650390625,70.38863372802734,-26.71893882751465,618.520751953125,263.2757263183594,-71.37497711181641,-26.59358787536621,-518.0151977539062,26.71893882751465,26.59358787536621,617.9487915039062,-26.71893882751465,"N. ",8.791479110717773,-252.2058258056641,108.3362197875977,83.46241760253906,249.6960754394531,-71.37497711181641,"N.m.. ",
"BM4_NL",,"20260808 142941",19,"CASE 19 (SUS) W+P1",,20500,20510,26.71893882751465,618.520751953125,263.2757263183594,71.37497711181641,-26.71893882751465,619.7919921875,263.6698913574219,-71.37497711181641,-26.59358787536621,-617.9487915039062,26.71893882751465,26.59358787536621,619.22119140625,-26.71893882751465,"N. ",-83.46241760253906,-249.6960754394531,71.37497711181641,84.87651062011719,249.6353149414062,-71.37497711181641,"N.m.. ",
"BM4_NL",,"20260808 142941",19,"CASE 19 (SUS) W+P1",,20510,20520,26.71893882751465,619.7919921875,263.6698913574219,71.37497711181641,-26.71893882751465,1073.18212890625,807.2536010742188,-71.37497711181641,-26.59358787536621,-619.22119140625,26.71893882751465,26.59358787536621,1072.8525390625,-26.71893882751465,"N. ",-84.87651062011719,-249.6353149414062,71.37497711181641,774.3977661132812,227.9614868164062,-71.37497711181641,"N.m.. ",
"BM4_NL",,"20260808 142941",19,"CASE 19 (SUS) W+P1",,20520,20550,26.71893882751465,1243.158447265625,807.2536010742188,71.37497711181641,-26.71893882751465,1404.581665039062,1162.77734375,-71.37497711181641,-26.59358787536621,1242.8740234375,26.71893882751465,26.59358787536621,1404.329833984375,-26.71893882751465,"N. ",-774.3977661132812,-227.9614868164062,71.37497711181641,1158.340454101562,101.4821395874023,-71.37497711181641,"N.m.. ",
"BM4_NL",,"20260808 142941",19,"CASE 19 (SUS) W+P1",,20550,20580,-72.3194580078125,1382.956787109375,1162.77734375,71.37497711181641,72.3194580078125,1205.796020507812,746.6829223632812,-71.37497711181641,-26.59358787536621,1382.701049804688,-72.3194580078125,26.59358787536621,1205.502685546875,72.3194580078125,"N. ",-1158.340454101562,-101.4821395874023,71.37497711181641,746.3534545898438,-22.17827415466309,-71.37497711181641,"N.m.. ",
"BM4_NL",,"20260808 142941",19,"CASE 19 (SUS) W+P1",,20580,20640,-72.3194580078125,1011.320983886719,746.6829223632812,71.37497711181641,72.3194580078125,1215.215087890625,1156.221313476562,-71.37497711181641,-11.68585109710693,1011.253479003906,-72.3194580078125,11.68585109710693,1215.158935546875,72.3194580078125,"N. ",-746.3534545898438,22.17827415466309,71.37497711181641,1154.165283203125,-68.92178344726562,-71.37497711181641,"N.m.. ",
"BM4_NL",,"20260808 142941",19,"CASE 19 (SUS) W+P1",,20640,20670,-72.3194580078125,1304.259521484375,1156.221313476562,71.37497711181641,72.3194580078125,863.0391235351562,305.3328857421875,-71.37497711181641,-11.68585109710693,1304.207153320312,-72.3194580078125,11.68585109710693,-862.9600219726562,72.3194580078125,"N. ",-1154.165283203125,68.92178344726562,71.37497711181641,295.1527709960938,-78.18576049804688,-71.37497711181641,"N.m.. ",
"BM4_NL",,"20260808 142941",19,"CASE 19 (SUS) W+P1",,20670,20689,-72.3194580078125,863.0391235351562,305.3328857421875,71.37497711181641,483.8611145019531,381.76611328125,111.9046401977539,7.840846061706543,-11.68585109710693,862.9600219726562,-72.3194580078125,11.68585109710693,-611.9642944335938,72.3194580078125,"N. ",-295.1527709960938,78.18576049804688,71.37497711181641,-21.15410614013672,-83.24626159667969,-72.15740966796875,"N.m.. ",
"BM4_NL",,"20260808 142941",19,"CASE 19 (SUS) W+P1",,20689,20690,-483.8611145019531,381.76611328125,111.9046401977539,-7.840846061706543,512.0307006835938,73.25751495361328,88.33097076416016,84.02869415283203,-11.68585109710693,611.9642944335938,-72.3194580078125,11.68585109710693,-512.0307006835938,72.3194580078125,"N. ",21.15410614013672,83.24626159667969,72.15740966796875,-48.16115570068359,-84.02869415283203,-74.04636383056641,"N.m.. ",
"BM4_NL",,"20260808 142941",19,"CASE 19 (SUS) W+P1",,20690,20698,-512.0307006835938,73.25751495361328,88.33097076416016,-84.02869415283203,209.9065856933594,73.25751495361328,80.88130187988281,84.02869415283203,-11.68585109710693,512.0307006835938,-72.3194580078125,11.68585109710693,-209.9065856933594,72.3194580078125,"N. ",48.16115570068359,84.02869415283203,74.04636383056641,-8.906083106994629,-84.02869415283203,-80.38946533203125,"N.m.. ",
"BM4_NL",,"20260808 142941",19,"CASE 19 (SUS) W+P1",,20698,20699,-209.9065856933594,73.25751495361328,80.88130187988281,-84.02869415283203,69.49935913085938,112.3857421875,112.4696655273438,60.87255096435547,-11.68585109710693,209.9065856933594,-72.3194580078125,11.68585109710693,-109.9729614257812,72.3194580078125,"N. ",8.906083106994629,84.02869415283203,80.38946533203125,2.783982992172241,-88.87090301513672,-91.91901397705078,"N.m.. ",
"BM4_NL",,"20260808 142941",19,"CASE 19 (SUS) W+P1",,20699,20700,-69.49935913085938,112.3857421875,112.4696655273438,-60.87255096435547,-11.68585109710693,73.01296234130859,143.2064056396484,-7.62617015838623,-11.68585109710693,109.9729614257812,-72.3194580078125,11.68585109710693,-10.03933811187744,72.3194580078125,"N. ",-2.783982992172241,88.87090301513672,91.91901397705078,7.62617015838623,-100.5609741210938,-101.9586334228516,"N.m.. ",
"BM4_NL",,"20260808 142941",19,"CASE 19 (SUS) W+P1",,20700,20710,11.68585109710693,73.01296234130859,143.2064056396484,7.62617015838623,-11.68585109710693,891.4788818359375,644.88720703125,-7.62617015838623,-11.68585109710693,10.03933811187744,-72.3194580078125,11.68585109710693,888.5406494140625,72.3194580078125,"N. ",-7.62617015838623,100.5609741210938,101.9586334228516,7.62617015838623,-217.3137512207031,607.1690673828125,"N.m.. ",
"BM4_NL",,"20260808 142941",19,"CASE 19 (SUS) W+P1",,20710,20760,82.61167907714844,847.0429077148438,644.88720703125,7.62617015838623,-82.61167907714844,95.38813018798828,336.3180541992188,-7.62617015838623,-82.61167907714844,843.9500122070312,-72.3194580078125,82.61167907714844,62.19960403442383,72.3194580078125,"N. ",-7.62617015838623,217.3137512207031,-607.1690673828125,7.62617015838623,-335.050048828125,-29.17685127258301,"N.m.. ",
"BM4_NL",,"20260808 142941",19,"CASE 19 (SUS) W+P1",,20295,20296,2360.43701171875,472.7561950683594,288.2358093261719,105.0114135742188,-2360.43701171875,472.7561950683594,248.8092803955078,-105.0114135742188,472.0307006835938,2360.43701171875,-26.18080520629883,-472.0307006835938,-2360.43701171875,26.18080520629883,"N. ",-51.23593902587891,105.0114135742188,-283.6454772949219,49.03314590454102,-105.0114135742188,243.929931640625,"N.m.. ",
"BM4_NL",,"20260808 142941",19,"CASE 19 (SUS) W+P1",,20296,21429,2360.43701171875,472.7561950683594,248.8092803955078,105.0114135742188,-1284.941162109375,617.94384765625,521.486083984375,-71.77523803710938,472.0307006835938,2360.43701171875,-26.18080520629883,-472.0306701660156,-1345.150634765625,26.18080520629883,"N. ",-49.03314590454102,105.0114135742188,-243.929931640625,1.752949357032776,-103.2584686279297,-516.1724853515625,"N.m.. ",
"BM4_NL",,"20260808 142941",19,"CASE 19 (SUS) W+P1",,21429,21430,1284.941162109375,617.94384765625,521.486083984375,71.77523803710938,-472.0306701660156,1245.47705078125,353.034423828125,0,472.0306701660156,1345.150634765625,-26.18080520629883,-472.0306701660156,-1245.201904296875,26.18080520629883,"N. ",-1.752949357032776,103.2584686279297,516.1724853515625,0,-99.02646636962891,-338.8614196777344,"N.m.. ",
"BM4_NL",,"20260808 142941",19,"CASE 19 (SUS) W+P1",,21430,21470,472.0306701660156,1245.47705078125,353.034423828125,0,-472.0306701660156,899.6582641601562,337.7261657714844,0,472.0306701660156,1245.201904296875,-26.18080520629883,-472.0306701660156,-899.2772216796875,26.18080520629883,"N. ",0,99.02646636962891,338.8614196777344,0,-82.75768280029297,327.4295654296875,"N.m.. ",
"BM4_NL",,"20260808 142941",19,"CASE 19 (SUS) W+P1",,21470,21480,472.0306701660156,243.7828063964844,337.7261657714844,0,-472.0306701660156,1517.537841796875,1687.615478515625,0,472.0306701660156,242.3728942871094,-26.18080520629883,-472.0306701660156,1517.31201171875,26.18080520629883,"N. ",0,82.75768280029297,-327.4295654296875,0,0,-1687.615478515625,"N.m.. ",
"BM4_NL",,"20260808 142941",19,"CASE 19 (SUS) W+P1",,21480,21550,0,1454.260131835938,1687.615478515625,0,0,725.5579833984375,260.9217529296875,0,0,1454.260131835938,0,0,-725.5579833984375,0,"N. ",0,0,1687.615478515625,0,0,-260.9217529296875,"N.m.. ",
"BM4_NL",,"20260808 142941",19,"CASE 19 (SUS) W+P1",,21550,21560,0,725.5579833984375,260.9217529296875,0,0,529.0366821289062,39.47282028198242,0,0,725.5579833984375,0,0,-529.0366821289062,0,"N. ",0,0,260.9217529296875,0,0,-39.47282028198242,"N.m.. ",
"BM4_NL",,"20260808 142941",19,"CASE 19 (SUS) W+P1",,21560,21580,0,529.0366821289062,39.47282028198242,0,0,0,0,0,0,529.0366821289062,0,0,0,0,"N. ",0,0,39.47282028198242,0,0,0,"N.m.. ","FLANGE_FLG_900"
"BM4_NL",,"20260808 142941",19,"CASE 19 (SUS) W+P1",,20230,21589,0,1196.8564453125,315.1565856933594,-97.21491241455078,-658.0170288085938,717.0759887695312,102.4996337890625,32.7621955871582,-284.9772033691406,1162.434204101562,0,284.9772033691406,-930.576416015625,0,"N. ",302.9501647949219,86.86121368408203,97.21491241455078,-76.0316162109375,-25.44106292724609,-71.77383422851562,"N.m.. ",
"BM4_NL",,"20260808 142941",19,"CASE 19 (SUS) W+P1",,21589,21590,658.0170288085938,717.0759887695312,102.4996337890625,-32.7621955871582,-698.7186279296875,284.9772033691406,10.35367393493652,0,-284.9772033691406,930.576416015625,0,284.9772033691406,-698.7186279296875,0,"N. ",76.0316162109375,25.44106292724609,71.77383422851562,0,0,-10.35367393493652,"N.m.. ",
"BM4_NL",,"20260808 142941",19,"CASE 19 (SUS) W+P1",,21590,21599,698.7186279296875,284.9772033691406,10.35367393493652,0,842.041259765625,439.0225830078125,381.1414489746094,0,-284.9772033691406,698.7186279296875,0,284.9772033691406,905.8489379882812,0,"N. ",0,0,10.35367393493652,0,0,381.1414489746094,"N.m.. ",
"BM4_NL",,"20260808 142941",19,"CASE 19 (SUS) W+P1",,21599,21600,-842.041259765625,439.0225830078125,381.1414489746094,0,284.9772033691406,1137.706665039062,184.9933776855469,0,-284.9772033691406,-905.8489379882812,0,284.9772033691406,1137.706665039062,0,"N. ",0,0,-381.1414489746094,0,0,184.9933776855469,"N.m.. ",
"BM4_NL",,"20260808 142941",19,"CASE 19 (SUS) W+P1",,21600,21610,-284.9772033691406,1137.706665039062,184.9933776855469,0,284.9772033691406,1665.75390625,579.2316284179688,0,-284.9772033691406,-1137.706665039062,0,284.9772033691406,1665.75390625,0,"N. ",0,0,-184.9933776855469,0,0,-579.2316284179688,"N.m.. ",
"BM4_NL",,"20260808 142941",19,"CASE 19 (SUS) W+P1",,21610,21640,-284.9772033691406,765.9022827148438,579.2316284179688,0,284.9772033691406,2295.579833984375,2996.837890625,0,-284.9772033691406,765.9022827148438,0,284.9772033691406,2295.579833984375,0,"N. ",0,0,579.2316284179688,0,0,-2996.837890625,"N.m.. ",
"BM4_NL",,"20260808 142941",19,"CASE 19 (SUS) W+P1",,21640,21700,0,2543.24755859375,2996.837890625,0,0,901.5073852539062,77.28186798095703,0,0,2543.24755859375,0,0,-901.5073852539062,0,"N. ",0,0,2996.837890625,0,0,-77.28186798095703,"N.m.. ",
"BM4_NL",,"20260808 142941",19,"CASE 19 (SUS) W+P1",,21700,21710,0,901.5073852539062,77.28186798095703,0,0,0,0,0,0,901.5073852539062,0,0,0,0,"N. ",0,0,77.28186798095703,0,0,0,"N.m.. ","FLANGE_FLG_900"
"BM4_NL",,"20260808 142941",19,"CASE 19 (SUS) W+P1",,20760,21719,82.61167907714844,95.38813018798828,336.3180541992188,7.62617015838623,-109.552864074707,162.3113861083984,341.2901000976562,8.796425819396973,-82.61167907714844,-62.19960403442383,-72.3194580078125,82.61167907714844,162.1481475830078,72.3194580078125,"N. ",-7.62617015838623,335.050048828125,29.17685127258301,-0.9529428482055664,-341.2088012695312,-11.48708248138428,"N.m.. ",
"BM4_NL",,"20260808 142941",19,"CASE 19 (SUS) W+P1",,21719,21720,109.552864074707,162.3113861083984,341.2901000976562,-8.796425819396973,-72.3194580078125,274.8078918457031,334.6054382324219,-1.6472327709198,-82.61167907714844,-162.1481475830078,-72.3194580078125,82.61167907714844,262.0967102050781,72.3194580078125,"N. ",0.9529428482055664,341.2088012695312,11.48708248138428,-35.68402481079102,-332.6972351074219,1.6472327709198,"N.m.. ",
"BM4_NL",,"20260808 142941",19,"CASE 19 (SUS) W+P1",,21720,21730,72.3194580078125,274.8078918457031,334.6054382324219,1.6472327709198,-72.3194580078125,502.2826843261719,355.8890380859375,-1.6472327709198,-82.61167907714844,-262.0967102050781,-72.3194580078125,82.61167907714844,495.4424438476562,72.3194580078125,"N. ",35.68402481079102,332.6972351074219,-1.6472327709198,-194.4529266357422,-298.0688781738281,1.6472327709198,"N.m.. ",
"BM4_NL",,"20260808 142941",19,"CASE 19 (SUS) W+P1",,21730,21740,72.3194580078125,502.2826843261719,355.8890380859375,1.6472327709198,-72.3194580078125,916.6763305664062,760.1836547851562,-1.6472327709198,-82.61167907714844,-495.4424438476562,-72.3194580078125,82.61167907714844,912.9462280273438,72.3194580078125,"N. ",194.4529266357422,298.0688781738281,-1.6472327709198,-722.5859985351562,-236.1116180419922,1.6472327709198,"N.m.. ",
"BM4_NL",,"20260808 142941",19,"CASE 19 (SUS) W+P1",,21740,21780,72.3194580078125,3621.401123046875,760.1836547851562,1.6472327709198,-72.3194580078125,3176.18408203125,2002.878662109375,-1.6472327709198,-82.61167907714844,3620.458740234375,-72.3194580078125,82.61167907714844,-3175.109619140625,72.3194580078125,"N. ",722.5859985351562,236.1116180419922,-1.6472327709198,1995.649169921875,-170.0220642089844,1.6472327709198,"N.m.. ",
"BM4_NL",,"20260808 142941",19,"CASE 19 (SUS) W+P1",,21780,21783,72.3194580078125,3176.18408203125,2002.878662109375,1.6472327709198,-72.3194580078125,2652.55859375,2426.268798828125,-1.6472327709198,-82.61167907714844,3175.109619140625,-72.3194580078125,82.61167907714844,-2651.271728515625,72.3194580078125,"N. ",-1995.649169921875,170.0220642089844,-1.6472327709198,2421.12158203125,-157.9566192626953,1.6472327709198,"N.m.. ","BALL_FLG_900"
"BM4_NL",,"20260808 142941",19,"CASE 19 (SUS) W+P1",,21783,21786,72.3194580078125,2652.55859375,2426.268798828125,1.6472327709198,-72.3194580078125,2495.737060546875,2471.763671875,-1.6472327709198,-82.61167907714844,2651.271728515625,-72.3194580078125,82.61167907714844,2494.369384765625,72.3194580078125,"N. ",-2421.12158203125,157.9566192626953,-1.6472327709198,2469.443603515625,-107.0718460083008,1.6472327709198,"N.m.. ","BALL_FLG_900"
"BM4_NL",,"20260808 142941",19,"CASE 19 (SUS) W+P1",,21786,21790,72.3194580078125,2495.737060546875,2471.763671875,1.6472327709198,-72.3194580078125,3019.337646484375,2069.0693359375,-1.6472327709198,-82.61167907714844,-2494.369384765625,-72.3194580078125,82.61167907714844,3018.207275390625,72.3194580078125,"N. ",-2469.443603515625,107.0718460083008,-1.6472327709198,2066.886962890625,-95.00638580322266,1.6472327709198,"N.m.. ","BALL_FLG_900"
"BM4_NL",,"20260808 142941",19,"CASE 19 (SUS) W+P1",,21790,21800,72.3194580078125,3019.337646484375,2069.0693359375,1.6472327709198,-72.3194580078125,3464.54150390625,526.6204833984375,-1.6472327709198,-82.61167907714844,-3018.207275390625,-72.3194580078125,82.61167907714844,3463.556396484375,72.3194580078125,"N. ",-2066.886962890625,95.00638580322266,-1.6472327709198,-525.8259887695312,-28.91685104370117,1.6472327709198,"N.m.. ",
"BM4_NL",,"20260808 142941",19,"CASE 19 (SUS) W+P1",,21800,21850,72.3194580078125,101.5710220336914,526.6204833984375,1.6472327709198,-72.3194580078125,528.0292358398438,768.0112915039062,-1.6472327709198,-82.61167907714844,-59.09299850463867,-72.3194580078125,82.61167907714844,521.5267944335938,72.3194580078125,"N. ",525.8259887695312,28.91685104370117,-1.6472327709198,-766.984130859375,39.70801162719727,1.6472327709198,"N.m.. ",
"BM4_NL",,"20260808 142941",19,"CASE 19 (SUS) W+P1",,21850,21860,72.3194580078125,528.0292358398438,768.0112915039062,1.6472327709198,-72.3194580078125,1083.443237304688,1575.659545898438,-1.6472327709198,-82.61167907714844,-521.5267944335938,-72.3194580078125,82.61167907714844,1080.2890625,72.3194580078125,"N. ",766.984130859375,-39.70801162719727,-1.6472327709198,-1570.880493164062,122.6279525756836,1.6472327709198,"N.m.. ",
"BM4_NL",,"20260808 142941",19,"CASE 19 (SUS) W+P1",,21860,21890,72.3194580078125,6697.72509765625,1575.659545898438,1.6472327709198,-72.3194580078125,6488.97021484375,908.4927978515625,-1.6472327709198,29.30580139160156,6697.6611328125,-72.3194580078125,-29.30580139160156,-6488.90380859375,72.3194580078125,"N. ",1570.880493164062,-122.6279525756836,-1.6472327709198,901.6074829101562,111.6382446289062,1.6472327709198,"N.m.. ",
"BM4_NL",,"20260808 142941",19,"CASE 19 (SUS) W+P1",,21890,21893,72.3194580078125,6488.97021484375,908.4927978515625,1.6472327709198,-72.3194580078125,5965.1376953125,1814.239624023438,-1.6472327709198,29.30580139160156,6488.90380859375,-72.3194580078125,-29.30580139160156,-5965.06591796875,72.3194580078125,"N. ",-901.6074829101562,-111.6382446289062,-1.6472327709198,1811.060424804688,107.3581237792969,1.6472327709198,"N.m.. ","BALL_FLG_900"
"BM4_NL",,"20260808 142941",19,"CASE 19 (SUS) W+P1",,21893,21896,72.3194580078125,5965.1376953125,1814.239624023438,1.6472327709198,-72.3194580078125,1180.939086914062,3285.780517578125,-1.6472327709198,29.30580139160156,5965.06591796875,-72.3194580078125,-29.30580139160156,1180.575439453125,72.3194580078125,"N. ",-1811.060424804688,-107.3581237792969,-1.6472327709198,3284.566650390625,89.30717468261719,1.6472327709198,"N.m.. ","BALL_FLG_900"
"BM4_NL",,"20260808 142941",19,"CASE 19 (SUS) W+P1",,21896,21900,72.3194580078125,1180.939086914062,3285.780517578125,1.6472327709198,-72.3194580078125,1704.665161132812,3075.065673828125,-1.6472327709198,29.30580139160156,-1180.575439453125,-72.3194580078125,-29.30580139160156,1704.413208007812,72.3194580078125,"N. ",-3284.566650390625,-89.30717468261719,-1.6472327709198,3073.889892578125,85.02705383300781,1.6472327709198,"N.m.. ","BALL_FLG_900"
"BM4_NL",,"20260808 142941",19,"CASE 19 (SUS) W+P1",,21900,21930,72.3194580078125,1704.665161132812,3075.065673828125,1.6472327709198,-72.3194580078125,2818.037841796875,1449.065795898438,-1.6472327709198,29.30580139160156,-1704.413208007812,-72.3194580078125,-29.30580139160156,2817.885498046875,72.3194580078125,"N. ",-3073.889892578125,-85.02705383300781,-1.6472327709198,-1448.825073242188,26.41005706787109,1.6472327709198,"N.m.. ",
"BM4_NL",,"20260808 142941",19,"CASE 19 (SUS) W+P1",,21930,21990,106.8610610961914,1743.211059570312,1449.065795898438,1.6472327709198,-106.8610610961914,1322.535034179688,290.494140625,-1.6472327709198,29.30580139160156,1742.964721679688,-106.8610610961914,-29.30580139160156,-1322.210327148438,106.8610610961914,"N. ",1448.825073242188,-26.41005706787109,-1.6472327709198,-290.462890625,4.260110855102539,1.6472327709198,"N.m.. ",
"BM4_NL",,"20260808 142941",19,"CASE 19 (SUS) W+P1",,21990,21993,106.8610610961914,1322.535034179688,290.494140625,1.6472327709198,-106.8610610961914,793.7150268554688,132.6285400390625,-1.6472327709198,29.30580139160156,1322.210327148438,-106.8610610961914,-29.30580139160156,-793.173828125,106.8610610961914,"N. ",290.462890625,-4.260110855102539,-1.6472327709198,-132.6284942626953,-0.1130559667944908,1.6472327709198,"N.m.. ","FLANGE_FLG_900"
"BM4_NL",,"20260808 142941",19,"CASE 19 (SUS) W+P1",,21993,21996,106.8610610961914,793.7150268554688,132.6285400390625,1.6472327709198,-106.8610610961914,637.380859375,113.0783386230469,-1.6472327709198,29.30580139160156,793.173828125,-106.8610610961914,-29.30580139160156,-636.706787109375,106.8610610961914,"N. ",132.6284942626953,0.1130559667944908,-1.6472327709198,-113.0746383666992,-0.9145790338516235,1.6472327709198,"N.m.. ",
"BM4_NL",,"20260808 142941",19,"CASE 19 (SUS) W+P1",,21996,22000,106.8610610961914,637.380859375,113.0783386230469,1.6472327709198,-106.8610610961914,151.4400787353516,76.836181640625,-1.6472327709198,29.30580139160156,636.706787109375,-106.8610610961914,-29.30580139160156,148.5774841308594,106.8610610961914,"N. ",113.0746383666992,0.9145790338516235,-1.6472327709198,-76.65402221679688,-5.287745952606201,1.6472327709198,"N.m.. ","FLANGE_FLG_900"
"BM4_NL",,"20260808 142941",19,"CASE 19 (SUS) W+P1",,22000,22010,143.3415679931641,117.5014038085938,76.85370635986328,0.1421732753515244,-158.7734832763672,170.7418212890625,98.25392913818359,-0.1421732753515244,29.30580139160156,-148.5774841308594,-106.8610610961914,-29.30580139160156,205.1430511474609,106.8610610961914,"N. ",76.65402221679688,5.287745952606201,-1.6472327709198,-97.76386260986328,-9.390564918518066,2.810675382614136,"N.m.. ",
"BM4_NL",,"20260808 142941",19,"CASE 19 (SUS) W+P1",,22010,22020,106.8610610961914,207.2257232666016,98.21382904052734,2.810675382614136,-106.8610610961914,410.3589477539062,379.0601501464844,-2.810675382614136,29.30580139160156,-205.1430511474609,-106.8610610961914,-29.30580139160156,409.3111877441406,106.8610610961914,"N. ",97.76386260986328,9.390564918518066,-2.810675382614136,-377.3411560058594,-36.05890274047852,2.810675382614136,"N.m.. ",
"BM4_NL",,"20260808 142941",19,"CASE 19 (SUS) W+P1",,22020,22050,106.8610610961914,856.6990356445312,379.0601501464844,2.810675382614136,-106.8610610961914,589.6444702148438,483.4919128417969,-2.810675382614136,-24.68035507202148,856.3434448242188,-106.8610610961914,24.68035507202148,-589.1277465820312,106.8610610961914,"N. ",377.3411560058594,36.05890274047852,-2.810675382614136,483.4459838867188,-6.664289474487305,2.810675382614136,"N.m.. ",
"BM4_NL",,"20260808 142941",19,"CASE 19 (SUS) W+P1",,22050,22053,106.8610610961914,589.6444702148438,483.4919128417969,2.810675382614136,-106.8610610961914,433.5772094726562,538.6234741210938,-2.810675382614136,-24.68035507202148,589.1277465820312,-106.8610610961914,24.68035507202148,-432.8742065429688,106.8610610961914,"N. ",-483.4459838867188,6.664289474487305,-2.810675382614136,538.608642578125,-4.000040054321289,2.810675382614136,"N.m.. ","BALL_FLG_900"
"BM4_NL",,"20260808 142941",19,"CASE 19 (SUS) W+P1",,22053,22056,106.8610610961914,433.5772094726562,538.6234741210938,2.810675382614136,-106.8610610961914,205.6910858154297,582.9227294921875,-2.810675382614136,-24.68035507202148,432.8742065429688,-106.8610610961914,24.68035507202148,204.2050476074219,106.8610610961914,"N. ",-538.608642578125,4.000040054321289,-2.810675382614136,582.896240234375,5.559914588928223,2.810675382614136,"N.m.. ","BALL_FLG_900"
"BM4_NL",,"20260808 142941",19,"CASE 19 (SUS) W+P1",,22056,22060,106.8610610961914,205.6910858154297,582.9227294921875,2.810675382614136,-106.8610610961914,361.3025207519531,552.4796752929688,-2.810675382614136,-24.68035507202148,-204.2050476074219,-106.8610610961914,24.68035507202148,360.4585876464844,106.8610610961914,"N. ",-582.896240234375,-5.559914588928223,-2.810675382614136,552.41845703125,8.224164009094238,2.810675382614136,"N.m.. ","BALL_FLG_900"
"BM4_NL",,"20260808 142941",19,"CASE 19 (SUS) W+P1",,22060,22070,106.8610610961914,361.3025207519531,552.4796752929688,2.810675382614136,-106.8610610961914,770.3164672851562,482.0184936523438,-2.810675382614136,-24.68035507202148,-360.4585876464844,-106.8610610961914,24.68035507202148,769.9210205078125,106.8610610961914,"N. ",-552.41845703125,-8.224164009094238,-2.810675382614136,-479.0662841796875,53.26639556884766,2.810675382614136,"N.m.. ",
"BM4_NL",,"20260808 142941",19,"CASE 19 (SUS) W+P1",,22070,22100,106.8610610961914,888.9095458984375,482.0184936523438,2.810675382614136,-106.8610610961914,696.054443359375,215.4233703613281,-2.810675382614136,-24.68035507202148,888.5668334960938,-106.8610610961914,24.68035507202148,-695.6167602539062,106.8610610961914,"N. ",479.0662841796875,-53.26639556884766,-2.810675382614136,202.1342010498047,74.49154663085938,2.810675382614136,"N.m.. ",
"BM4_NL",,"20260808 142941",19,"CASE 19 (SUS) W+P1",,22100,22110,292.5819091796875,640.5520629882812,214.7200927734375,-17.61832809448242,-277.8655700683594,588.6975708007812,301.8161926269531,17.61832809448242,-24.68035507202148,695.6167602539062,-106.8610610961914,24.68035507202148,-641.6741943359375,106.8610610961914,"N. ",-202.1342010498047,-74.49154663085938,-2.810675382614136,292.0845031738281,77.94680023193359,3.790487289428711,"N.m.. ",
"BM4_NL",,"20260808 142941",19,"CASE 19 (SUS) W+P1",,22110,22115,106.8610610961914,642.148681640625,302.3062438964844,3.790487289428711,-106.8610610961914,115.309700012207,357.8017272949219,-3.790487289428711,-24.68035507202148,641.6741943359375,-106.8610610961914,24.68035507202148,-112.6375045776367,106.8610610961914,"N. ",-292.0845031738281,-77.94680023193359,-3.790487289428711,348.3656921386719,81.62973785400391,3.790487289428711,"N.m.. ","FLANGE_FLG_900"
"BM4_NL",,"20260808 142941",19,"CASE 19 (SUS) W+P1",,22115,22120,106.8610610961914,115.309700012207,357.8017272949219,3.790487289428711,-106.8610610961914,2958.63134765625,119.6507720947266,-3.790487289428711,-24.68035507202148,112.6375045776367,-106.8610610961914,24.68035507202148,2958.5283203125,106.8610610961914,"N. ",-348.3656921386719,-81.62973785400391,-3.790487289428711,-79.90615081787109,89.05792236328125,3.790487289428711,"N.m.. ",
"BM4_NL",,"20260808 142941",19,"CASE 19 (SUS) W+P1",,22120,22125,24.68035507202148,2578.815673828125,89.1385498046875,-79.90615081787109,-24.68035507202148,505.7529602050781,313.7709655761719,79.90615081787109,-24.68035507202148,2576.6005859375,-106.8610610961914,24.68035507202148,494.3346862792969,106.8610610961914,"N. ",79.90615081787109,-89.05792236328125,-3.790487289428711,-79.90615081787109,56.99951171875,-308.55029296875,"N.m.. ","BALL_FLG_900"
"BM4_NL",,"20260808 142941",19,"CASE 19 (SUS) W+P1",,22125,22130,24.68035507202148,505.7529602050781,313.7709655761719,-79.90615081787109,-24.68035507202148,1028.935424804688,199.5781860351562,79.90615081787109,-24.68035507202148,-494.3346862792969,-106.8610610961914,24.68035507202148,1023.371337890625,106.8610610961914,"N. ",79.90615081787109,-56.99951171875,308.55029296875,-79.90615081787109,41.05313873291016,-195.3102416992188,"N.m.. ","FLANGE_FLG_900"
"BM4_NL",,"20260808 142941",19,"CASE 19 (SUS) W+P1",,22130,22140,24.68035507202148,1028.935424804688,199.5781860351562,-79.90615081787109,-24.68035507202148,1363.825439453125,524.9327392578125,79.90615081787109,-24.68035507202148,-1023.371337890625,-106.8610610961914,24.68035507202148,1359.632446289062,106.8610610961914,"N. ",79.90615081787109,-41.05313873291016,195.3102416992188,-79.90615081787109,-23.49541473388672,524.4066772460938,"N.m.. ",
"BM4_NL",,"20260808 142941",19,"CASE 19 (SUS) W+P1",,22140,22190,151.8003997802734,996.822021484375,524.9327392578125,-79.90615081787109,-151.8003997802734,529.5890502929688,162.8777160644531,79.90615081787109,-151.8003997802734,991.07763671875,-106.8610610961914,151.8003997802734,-518.6957397460938,106.8610610961914,"N. ",79.90615081787109,23.49541473388672,-524.4066772460938,-79.90615081787109,-114.1736831665039,-116.1616134643555,"N.m.. ",
"BM4_NL",,"20260808 142941",19,"CASE 19 (SUS) W+P1",,22190,22200,151.8003997802734,529.5890502929688,162.8777160644531,-79.90615081787109,-151.8003997802734,129.5484008789062,405.5591430664062,79.90615081787109,-151.8003997802734,518.6957397460938,-106.8610610961914,151.8003997802734,-73.23592376708984,106.8610610961914,"N. ",79.90615081787109,114.1736831665039,116.1616134643555,-79.90615081787109,-199.6839752197266,-352.9936828613281,"N.m.. ",
"BM4_NL",,"20260808 142941",19,"CASE 19 (SUS) W+P1",,22200,22210,151.8003997802734,129.5484008789062,405.5591430664062,-79.90615081787109,-151.8003997802734,272.0019226074219,399.3610534667969,79.90615081787109,-151.8003997802734,73.23592376708984,-106.8610610961914,151.8003997802734,250.1314849853516,106.8610610961914,"N. ",79.90615081787109,199.6839752197266,352.9936828613281,-79.90615081787109,-261.7574768066406,-301.6161193847656,"N.m.. ",
"BM4_NL",,"20260808 142941",19,"CASE 19 (SUS) W+P1",,22210,22220,151.8003997802734,272.0019226074219,399.3610534667969,-79.90615081787109,-151.8003997802734,823.2966918945312,441.7926635742188,79.90615081787109,-151.8003997802734,-250.1314849853516,-106.8610610961914,151.8003997802734,816.3321533203125,106.8610610961914,"N. ",79.90615081787109,261.7574768066406,301.6161193847656,-79.90615081787109,-370.4451599121094,240.7304382324219,"N.m.. ",
"BM4_NL",,"20260808 142941",19,"CASE 19 (SUS) W+P1",,22220,22249,151.8003997802734,616.30517578125,441.7926635742188,-79.90615081787109,-182.9013214111328,340.8655090332031,545.404296875,65.54264068603516,-151.8003997802734,606.9701538085938,-106.8610610961914,151.8003997802734,339.381103515625,106.8610610961914,"N. ",79.90615081787109,370.4451599121094,-240.7304382324219,-100.3519287109375,-540.0300903320312,7.660786628723145,"N.m.. ",
"BM4_NL",,"20260808 142941",19,"CASE 19 (SUS) W+P1",,22249,22250,182.9013214111328,340.8655090332031,545.404296875,-65.54264068603516,-106.8610610961914,464.8159790039062,547.6935424804688,-32.66182708740234,-151.8003997802734,-339.381103515625,-106.8610610961914,151.8003997802734,439.3296508789062,106.8610610961914,"N. ",100.3519287109375,540.0300903320312,-7.660786628723145,-163.7318115234375,-522.647216796875,32.66182708740234,"N.m.. ",
"BM4_NL",,"20260808 142941",19,"CASE 19 (SUS) W+P1",,22250,22260,106.8610610961914,464.8159790039062,547.6935424804688,32.66182708740234,-106.8610610961914,698.9671020507812,612.5016479492188,-32.66182708740234,-151.8003997802734,-439.3296508789062,-106.8610610961914,151.8003997802734,682.2841186523438,106.8610610961914,"N. ",163.7318115234375,522.647216796875,-32.66182708740234,-408.4851989746094,-456.3968811035156,32.66182708740234,"N.m.. ",
"BM4_NL",,"20260808 142941",19,"CASE 19 (SUS) W+P1",,22260,22310,106.8610610961914,1118.935913085938,612.5016479492188,32.66182708740234,-106.8610610961914,1313.3896484375,857.3489379882812,-32.66182708740234,-151.8003997802734,1108.591064453125,-106.8610610961914,151.8003997802734,1304.587646484375,106.8610610961914,"N. ",408.4851989746094,456.3968811035156,-32.66182708740234,-833.298828125,201.6439514160156,32.66182708740234,"N.m.. ",
"BM4_NL",,"20260808 142941",19,"CASE 19 (SUS) W+P1",,22310,22349,188.7313385009766,1036.078125,857.3489379882812,32.66182708740234,-240.7922515869141,336.0706176757812,557.7765502929688,-47.86313629150391,-151.8003997802734,1024.897338867188,-188.7313385009766,151.8003997802734,335.0544738769531,188.7313385009766,"N. ",833.298828125,-201.6439514160156,-32.66182708740234,14.87071418762207,557.1307373046875,52.81803894042969,"N.m.. ",
"BM4_NL",,"20260808 142941",19,"CASE 19 (SUS) W+P1",,22349,22350,240.7922515869141,336.0706176757812,557.7765502929688,47.86313629150391,-151.8003997802734,474.1805114746094,549.072265625,9.840633392333984,-151.8003997802734,-335.0544738769531,-188.7313385009766,151.8003997802734,435.0030212402344,188.7313385009766,"N. ",-14.87071418762207,-557.1307373046875,-52.81803894042969,-9.840633392333984,536.7871704101562,115.4985504150391,"N.m.. ",
"BM4_NL",,"20260808 142941",19,"CASE 19 (SUS) W+P1",,22350,22360,151.8003997802734,474.1805114746094,549.072265625,-9.840633392333984,-151.8003997802734,803.4102783203125,647.551025390625,9.840633392333984,-151.8003997802734,-435.0030212402344,-188.7313385009766,151.8003997802734,780.9280395507812,188.7313385009766,"N. ",9.840633392333984,-536.7871704101562,-115.4985504150391,-9.840633392333984,419.5091857910156,493.289306640625,"N.m.. ",
"BM4_NL",,"20260808 142941",19,"CASE 19 (SUS) W+P1",,22360,22370,-151.8003997802734,803.4102783203125,647.551025390625,9.840633392333984,151.8003997802734,803.9522094726562,647.0777587890625,-9.840633392333984,-151.8003997802734,-780.9280395507812,-188.7313385009766,151.8003997802734,781.4855346679688,188.7313385009766,"N. ",9.840633392333984,-419.5091857910156,-493.289306640625,-9.840633392333984,419.6982116699219,492.5068969726562,"N.m.. ",
"BM4_NL",,"20260808 142941",19,"CASE 19 (SUS) W+P1",,22370,22380,-151.8003997802734,1051.471923828125,647.0777587890625,9.840633392333984,151.8003997802734,1050.923583984375,647.9888916015625,-9.840633392333984,-151.8003997802734,1034.395385742188,-188.7313385009766,151.8003997802734,-1033.837890625,188.7313385009766,"N. ",9.840633392333984,-419.6982116699219,-492.5068969726562,-9.840633392333984,419.88720703125,493.5426025390625,"N.m.. ",
"BM4_NL",,"20260808 142941",19,"CASE 19 (SUS) W+P1",,22380,22390,-151.8003997802734,1050.923583984375,647.9888916015625,9.840633392333984,151.8003997802734,1050.375122070312,648.89990234375,-9.840633392333984,-151.8003997802734,1033.837890625,-188.7313385009766,151.8003997802734,-1033.280395507812,188.7313385009766,"N. ",9.840633392333984,-419.88720703125,-493.5426025390625,-9.840633392333984,420.0762329101562,494.5776672363281,"N.m.. ",
"BM4_NL",,"20260808 142941",19,"CASE 19 (SUS) W+P1",,22390,22400,151.8003997802734,1050.375122070312,648.89990234375,-9.840633392333984,-151.8003997802734,506.2658386230469,280.8048095703125,9.840633392333984,-151.8003997802734,1033.280395507812,-188.7313385009766,151.8003997802734,469.7718505859375,188.7313385009766,"N. ",9.840633392333984,-420.0762329101562,-494.5776672363281,-9.840633392333984,-89.49925231933594,-266.16015625,"N.m.. ",
"BM4_NL",,"20260808 142941",19,"CASE 19 (SUS) W+P1",,22400,22470,151.8003997802734,506.2658386230469,280.8048095703125,-9.840633392333984,-151.8003997802734,1054.606201171875,576.2889404296875,9.840633392333984,-151.8003997802734,-469.7718505859375,-188.7313385009766,151.8003997802734,1037.581176757812,188.7313385009766,"N. ",9.840633392333984,89.49925231933594,266.16015625,-9.840633392333984,-282.0020446777344,502.5771484375,"N.m.. ",
"BM4_NL",,"20260808 142941",19,"CASE 19 (SUS) W+P1",,22470,22480,151.8003997802734,1054.606201171875,576.2889404296875,-9.840633392333984,-151.8003997802734,1248.450561523438,968.4782104492188,9.840633392333984,-151.8003997802734,-1037.581176757812,-188.7313385009766,151.8003997802734,1234.102661132812,188.7313385009766,"N. ",9.840633392333984,282.0020446777344,-502.5771484375,-9.840633392333984,-348.6281433105469,903.55322265625,"N.m.. ",
"BM4_NL",,"20260808 142941",19,"CASE 19 (SUS) W+P1",,22480,22490,151.8003997802734,1248.450561523438,968.4782104492188,-9.840633392333984,-151.8003997802734,1773.211791992188,1188.494262695312,9.840633392333984,-151.8003997802734,-1234.102661132812,-188.7313385009766,151.8003997802734,1763.139404296875,188.7313385009766,"N. ",9.840633392333984,348.6281433105469,-903.55322265625,-9.840633392333984,-376.7916259765625,1127.185302734375,"N.m.. ","FLANGE_FLG_900"
"BM4_NL",,"20260808 142941",20,"CASE 20 (OPE) W+T1+P1",,20010,20015,0,0,0,0,0,0.7654391527175903,0.0002009291638387367,0,0,0,0,0,0.7654391527175903,0,"N. ",0,0,0,0,0,0.0002009291638387367,"N.m.. ",
"BM4_NL",,"20260808 142941",20,"CASE 20 (OPE) W+T1+P1",,20015,20020,0,0.765439510345459,0.0002009251329582185,0,0,1306.58837890625,126.601318359375,0,0,-0.765439510345459,0,0,1306.58837890625,0,"N. ",0,0,-0.0002009251329582185,0,0,126.601318359375,"N.m.. ","FLANGE_FLG_900"
"BM4_NL",,"20260808 142941",20,"CASE 20 (OPE) W+T1+P1",,20020,20030,0,1306.58837890625,126.601318359375,0,0,4075.323974609375,5236.73681640625,0,0,-1306.58837890625,0,0,4075.323974609375,0,"N. ",0,0,-126.601318359375,0,0,5236.73681640625,"N.m.. ",
"BM4_NL",,"20260808 142941",20,"CASE 20 (OPE) W+T1+P1",,20030,20090,1498.501953125,18474.494140625,5236.73681640625,0,-1498.501953125,14659.8388671875,38269.57421875,0,-1498.501953125,18426.3046875,1333.493408203125,1498.501953125,-14599.064453125,-1333.493408203125,"N. ",0,0,-5236.73681640625,0,3500.427001953125,-38109.1484375,"N.m.. ",
"BM4_NL",,"20260808 142941",20,"CASE 20 (OPE) W+T1+P1",,20090,20119,1498.501953125,37213.15625,38269.57421875,0,-28467.986328125,26382.529296875,3878.0458984375,-3358.52001953125,-1498.501953125,-37189.2578125,1333.493408203125,1498.501953125,38761.32421875,-1333.493408203125,"N. ",0,-3500.427001953125,38109.1484375,-148.8077545166016,4898.474609375,1517.135986328125,"N.m.. ",
"BM4_NL",,"20260808 142941",20,"CASE 20 (OPE) W+T1+P1",,20119,20120,28467.986328125,26382.529296875,3878.0458984375,3358.52001953125,-39197.609375,2005.91943359375,5479.078125,-5047.2822265625,-1498.501953125,-38761.32421875,1333.493408203125,1498.501953125,39197.609375,-1333.493408203125,"N. ",148.8077545166016,-4898.474609375,-1517.135986328125,-508.0618286132812,5047.2822265625,5455.4716796875,"N.m.. ",
"BM4_NL",,"20260808 142941",20,"CASE 20 (OPE) W+T1+P1",,20120,20130,39197.609375,2005.91943359375,5479.078125,5047.2822265625,-40732.8828125,2005.91943359375,4323.42431640625,-5047.2822265625,-1498.501953125,-39197.609375,1333.493408203125,1498.501953125,40732.8828125,-1333.493408203125,"N. ",508.0618286132812,-5047.2822265625,-5455.4716796875,-1912.233154296875,5047.2822265625,3877.5458984375,"N.m.. ",
"BM4_NL",,"20260808 142941",20,"CASE 20 (OPE) W+T1+P1",,20130,20140,40732.8828125,2005.91943359375,4323.42431640625,5047.2822265625,-40951.578125,2005.91943359375,4219.521484375,-5047.2822265625,-1498.501953125,-40732.8828125,1333.493408203125,1498.501953125,40951.578125,-1333.493408203125,"N. ",1912.233154296875,-5047.2822265625,-3877.5458984375,-2112.25732421875,5047.2822265625,3652.7705078125,"N.m.. ",
"BM4_NL",,"20260808 142941",20,"CASE 20 (OPE) W+T1+P1",,20140,20150,40951.578125,2005.91943359375,4219.521484375,5047.2822265625,-41243.1796875,2005.91943359375,4111.26611328125,-5047.2822265625,-1498.501953125,-40951.578125,1333.493408203125,1498.501953125,41243.1796875,-1333.493408203125,"N. ",2112.25732421875,-5047.2822265625,-3652.7705078125,-2378.956787109375,5047.2822265625,3353.0693359375,"N.m.. ",
"BM4_NL",,"20260808 142941",20,"CASE 20 (OPE) W+T1+P1",,20160,20170,0,28372.6875,10561.30859375,-1523.949829101562,0,29923.4453125,21943.01953125,1523.949829101562,-1944.66357421875,-28305.96484375,0,1944.66357421875,29860.189453125,0,"N. ",-9265.140625,5069.35888671875,1523.949829101562,-21737.48046875,-2996.343505859375,-1523.949829101562,"N.m.. ",
"BM4_NL",,"20260808 142941",20,"CASE 20 (OPE) W+T1+P1",,20170,20220,0.7187359929084778,15333.2041015625,21943.029296875,-1523.808227539062,-0.645840585231781,13804.486328125,6529.79541015625,1523.808227539062,-1944.66357421875,15209.38671875,0,1944.66357421875,-13666.826171875,0,"N. ",21737.48046875,2996.343505859375,1523.949829101562,-6461.93359375,-938.8853759765625,-1523.852661132812,"N.m.. ",
"BM4_NL",,"20260808 142941",20,"CASE 20 (OPE) W+T1+P1",,20220,20230,-2045.902709960938,13652.0390625,6499.75732421875,-1647.231079101562,2014.1728515625,13444.638671875,4064.795166015625,1647.231079101562,-1944.66357421875,13666.826171875,0,1944.66357421875,-13454.8681640625,0,"N. ",6461.93359375,938.8853759765625,1523.852661132812,-4049.69091796875,-592.7345581054688,-1576.261474609375,"N.m.. ",
"BM4_NL",,"20260808 142941",20,"CASE 20 (OPE) W+T1+P1",,20150,20161,41243.1796875,2005.91943359375,4111.26611328125,5047.2822265625,-41359.08984375,2005.919189453125,4078.41015625,-5047.2822265625,-1498.501953125,-41243.1796875,1333.493408203125,1498.501586914062,41359.08984375,-1333.493408203125,"N. ",2378.956787109375,-5047.2822265625,-3353.0693359375,-2484.969482421875,5047.2822265625,3233.938232421875,"N.m.. ",
"BM4_NL",,"20260808 142941",20,"CASE 20 (OPE) W+T1+P1",,20161,20160,41359.08984375,2005.919189453125,4078.41015625,5047.2822265625,-41359.08984375,2005.919189453125,4036.094970703125,-5047.2822265625,-1498.501586914062,-41359.08984375,1333.493408203125,1498.501586914062,41359.08984375,-1333.493408203125,"N. ",2484.969482421875,-5047.2822265625,-3233.938232421875,-2666.99169921875,5047.2822265625,3029.392333984375,"N.m.. ",
"BM4_NL",,"20260808 142941",20,"CASE 20 (OPE) W+T1+P1",,20160,20240,1333.493408203125,13060.7490234375,15643.599609375,-4553.34228515625,-1333.493408203125,13861.8271484375,11311.25,4553.34228515625,446.1619262695312,-13053.1259765625,1333.493408203125,-446.16162109375,13854.6455078125,-1333.493408203125,"N. ",11932.1318359375,-10116.6416015625,-4553.34228515625,-4535.97900390625,10361.9140625,4553.34228515625,"N.m.. ",
"BM4_NL",,"20260808 142941",20,"CASE 20 (OPE) W+T1+P1",,20240,20250,1333.493408203125,13861.8271484375,11311.25,-4553.34228515625,-1333.493408203125,15298.60546875,14606.4541015625,4553.34228515625,446.16162109375,-13854.6455078125,1333.493408203125,-446.16162109375,15292.0986328125,-1333.493408203125,"N. ",4535.97900390625,-10361.9140625,-4553.34228515625,9832.0810546875,10801.791015625,4553.34228515625,"N.m.. ",
"BM4_NL",,"20260808 142941",20,"CASE 20 (OPE) W+T1+P1",,20250,20280,441.6326293945312,16026.7548828125,14606.4541015625,-4553.34228515625,-441.6326293945312,15361.767578125,11325.5576171875,4553.34228515625,446.16162109375,16020.54296875,441.6326293945312,-446.16162109375,-15355.287109375,-441.6326293945312,"N. ",-9832.0810546875,-10801.791015625,-4553.34228515625,2673.9853515625,11005.365234375,4553.34228515625,"N.m.. ",
"BM4_NL",,"20260808 142941",20,"CASE 20 (OPE) W+T1+P1",,20280,20290,-3908.83251953125,14862.7041015625,12141.072265625,-1263.155639648438,3854.96923828125,14679.6416015625,11925.8955078125,1263.155639648438,446.16162109375,15355.287109375,441.6326293945312,-446.16162109375,-15164.384765625,-441.6326293945312,"N. ",-2673.9853515625,-11005.365234375,-4553.34228515625,-62.94975280761719,11084.7822265625,4576.69873046875,"N.m.. ",
"BM4_NL",,"20260808 142941",20,"CASE 20 (OPE) W+T1+P1",,20290,20295,441.6326293945312,15170.9462890625,11084.9609375,-4576.69873046875,-441.6325988769531,15091.3876953125,11368.595703125,4576.69873046875,446.16162109375,15164.384765625,441.6326293945312,-446.1615905761719,-15084.791015625,-441.6325988769531,"N. ",62.94975280761719,-11084.7822265625,-4576.69873046875,-2225.769775390625,11148.583984375,4576.69873046875,"N.m.. ",
"BM4_NL",,"20260808 142941",20,"CASE 20 (OPE) W+T1+P1",,20295,20300,789.9335327148438,6497.70361328125,12878.103515625,475.7637939453125,-789.9335327148438,7112.58642578125,4788.6474609375,-475.7637939453125,-5645.22216796875,-3217.3935546875,789.9335327148438,5645.2216796875,4326.703125,-789.9335327148438,"N. ",2907.396240234375,-12545.62109375,475.7637939453125,4610.31103515625,1294.673217773438,-475.7637939453125,"N.m.. ",
"BM4_NL",,"20260808 142941",20,"CASE 20 (OPE) W+T1+P1",,20300,20329,789.9335327148438,7664.68212890625,4788.6474609375,475.7637939453125,-3793.6015625,6247.56103515625,3368.13720703125,-3452.99853515625,-5645.2216796875,5184.47900390625,789.9335327148438,5645.2216796875,-4575.03076171875,-789.9335327148438,"N. ",-4610.31103515625,-1294.673217773438,475.7637939453125,-597.5239868164062,-4785.49365234375,-97.78538513183594,"N.m.. ",
"BM4_NL",,"20260808 142941",20,"CASE 20 (OPE) W+T1+P1",,20329,20330,3793.6015625,6247.56103515625,3368.13720703125,3452.99853515625,-4475.09716796875,5700.22119140625,1123.693725585938,-5163.47216796875,-5645.2216796875,4575.03076171875,789.9335327148438,5645.2216796875,-4475.09716796875,-789.9335327148438,"N. ",597.5239868164062,4785.49365234375,97.78538513183594,-773.881591796875,-5163.47216796875,814.7360229492188,"N.m.. ",
"BM4_NL",,"20260808 142941",20,"CASE 20 (OPE) W+T1+P1",,20330,20339,4475.09716796875,5700.22119140625,1123.693725585938,5163.47216796875,-6861.24169921875,1372.431762695312,5990.5048828125,-3475.044189453125,-5645.2216796875,4475.09716796875,789.9335327148438,5645.2216796875,-4058.0390625,-789.9335327148438,"N. ",773.881591796875,5163.47216796875,-814.7360229492188,-196.1272888183594,-5110.58203125,4669.64306640625,"N.m.. ",
"BM4_NL",,"20260808 142941",20,"CASE 20 (OPE) W+T1+P1",,20339,20340,6861.24169921875,1372.431762695312,5990.5048828125,3475.044189453125,-5645.2216796875,4036.160888671875,6647.61669921875,143.2368774414062,-5645.2216796875,4058.0390625,789.9335327148438,5645.2216796875,-3958.10546875,-789.9335327148438,"N. ",196.1272888183594,5110.58203125,-4669.64306640625,-143.2368774414062,-4982.89306640625,4400.18017578125,"N.m.. ",
"BM4_NL",,"20260808 142941",20,"CASE 20 (OPE) W+T1+P1",,20340,20350,5645.2216796875,4036.160888671875,6647.61669921875,-143.2368774414062,-5645.2216796875,3559.611083984375,4442.4169921875,143.2368774414062,-5645.2216796875,3958.10546875,789.9335327148438,5645.2216796875,-3470.855224609375,-789.9335327148438,"N. ",143.2368774414062,4982.89306640625,-4400.18017578125,-143.2368774414062,-4291.3837890625,1148.517578125,"N.m.. ",
"BM4_NL",,"20260808 142941",20,"CASE 20 (OPE) W+T1+P1",,20350,20390,5645.2216796875,1885.920288085938,4442.4169921875,-143.2368774414062,-5645.2216796875,2107.07763671875,2145.00732421875,143.2368774414062,-5645.2216796875,1712.512939453125,789.9335327148438,5645.2216796875,1953.40234375,-789.9335327148438,"N. ",143.2368774414062,4291.3837890625,-1148.517578125,-143.2368774414062,911.31005859375,1941.795776367188,"N.m.. ",
"BM4_NL",,"20260808 142941",20,"CASE 20 (OPE) W+T1+P1",,20390,20440,153.0054473876953,1596.240478515625,2145.00732421875,-143.2368774414062,-153.0054473876953,972.6770629882812,1173.505126953125,143.2368774414062,-153.0054473876953,1595.913696289062,32.29821395874023,153.0054473876953,972.1406860351562,-32.29821395874023,"N. ",143.2368774414062,-911.31005859375,-1941.795776367188,-143.2368774414062,1060.327758789062,502.8113708496094,"N.m.. ",
"BM4_NL",,"20260808 142941",20,"CASE 20 (OPE) W+T1+P1",,20440,20480,153.0054473876953,1008.966125488281,1173.505126953125,-143.2368774414062,-153.0054473876953,109.623176574707,1194.219970703125,143.2368774414062,-153.0054473876953,1008.449035644531,32.29821395874023,153.0054473876953,104.7571792602539,-32.29821395874023,"N. ",143.2368774414062,-1060.327758789062,-502.8113708496094,-143.2368774414062,1124.92431640625,-400.8823547363281,"N.m.. ",
"BM4_NL",,"20260808 142941",20,"CASE 20 (OPE) W+T1+P1",,20480,20499,153.0054473876953,109.623176574707,1194.219970703125,-143.2368774414062,-131.0296020507812,527.4584350585938,1156.163208007812,-46.3609733581543,-153.0054473876953,-104.7571792602539,32.29821395874023,153.0054473876953,520.5067749023438,-32.29821395874023,"N. ",143.2368774414062,-1124.92431640625,400.8823547363281,-110.6634368896484,1138.226684570312,-176.2281799316406,"N.m.. ",
"BM4_NL",,"20260808 142941",20,"CASE 20 (OPE) W+T1+P1",,20499,20500,131.0296020507812,527.4584350585938,1156.163208007812,46.3609733581543,-32.29821395874023,639.0281372070312,1115.802001953125,-139.1001129150391,-153.0054473876953,-520.5067749023438,32.29821395874023,153.0054473876953,620.4404296875,-32.29821395874023,"N. ",110.6634368896484,-1138.226684570312,176.2281799316406,-18.00677490234375,1115.65673828125,-139.1001129150391,"N.m.. ",
"BM4_NL",,"20260808 142941",20,"CASE 20 (OPE) W+T1+P1",,20500,20510,32.29821395874023,639.0281372070312,1115.802001953125,139.1001129150391,-32.29821395874023,640.2636108398438,1115.43017578125,-139.1001129150391,-153.0054473876953,-620.4404296875,32.29821395874023,153.0054473876953,621.7128295898438,-32.29821395874023,"N. ",18.00677490234375,-1115.65673828125,139.1001129150391,-16.58699226379395,1115.306884765625,-139.1001129150391,"N.m.. ",
"BM4_NL",,"20260808 142941",20,"CASE 20 (OPE) W+T1+P1",,20510,20520,32.29821395874023,640.2636108398438,1115.43017578125,139.1001129150391,-32.29821395874023,1086.1748046875,1198.699462890625,-139.1001129150391,-153.0054473876953,-621.7128295898438,32.29821395874023,153.0054473876953,1075.344116210938,-32.29821395874023,"N. ",16.58699226379395,-1115.306884765625,139.1001129150391,674.9649658203125,990.6072387695312,-139.1001129150391,"N.m.. ",
"BM4_NL",,"20260808 142941",20,"CASE 20 (OPE) W+T1+P1",,20520,20550,32.29821395874023,1233.152465820312,1198.699462890625,139.1001129150391,-32.29821395874023,1431.779174804688,1180.122192382812,-139.1001129150391,-153.0054473876953,1223.623413085938,32.29821395874023,153.0054473876953,1423.580322265625,-32.29821395874023,"N. ",-674.9649658203125,-990.6072387695312,139.1001129150391,1150.463256835938,262.9118957519531,-139.1001129150391,"N.m.. ",
"BM4_NL",,"20260808 142941",20,"CASE 20 (OPE) W+T1+P1",,20550,20580,58.92858123779297,1360.861938476562,1180.122192382812,139.1001129150391,-58.92858123779297,1245.405151367188,987.8656616210938,-139.1001129150391,-153.0054473876953,1352.233154296875,58.92858123779297,153.0054473876953,1235.970581054688,-58.92858123779297,"N. ",-1150.463256835938,-262.9118957519531,139.1001129150391,880.15234375,-448.5647888183594,-139.1001129150391,"N.m.. ",
"BM4_NL",,"20260808 142941",20,"CASE 20 (OPE) W+T1+P1",,20580,20640,58.92858123779297,1188.843505859375,987.8656616210938,139.1001129150391,-58.92858123779297,1038.671020507812,825.9501342773438,-139.1001129150391,-34.95351791381836,1188.32958984375,58.92858123779297,34.95351791381836,1038.082763671875,-58.92858123779297,"N. ",-880.15234375,448.5647888183594,139.1001129150391,579.6581420898438,-588.379150390625,-139.1001129150391,"N.m.. ",
"BM4_NL",,"20260808 142941",20,"CASE 20 (OPE) W+T1+P1",,20640,20670,58.92858123779297,770.0669555664062,825.9501342773438,139.1001129150391,-58.92858123779297,329.8832092285156,632.8567504882812,-139.1001129150391,-34.95351791381836,769.2732543945312,58.92858123779297,34.95351791381836,-328.0261840820312,-58.92858123779297,"N. ",-579.6581420898438,588.379150390625,139.1001129150391,144.7151641845703,-616.088623046875,-139.1001129150391,"N.m.. ",
"BM4_NL",,"20260808 142941",20,"CASE 20 (OPE) W+T1+P1",,20670,20689,58.92858123779297,329.8832092285156,632.8567504882812,139.1001129150391,12.79983711242676,102.2946014404297,548.7579345703125,346.3292541503906,-34.95351791381836,328.0261840820312,58.92858123779297,34.95351791381836,-77.03047943115234,-58.92858123779297,"N. ",-144.7151641845703,616.088623046875,139.1001129150391,51.27127838134766,-631.22509765625,-141.4404296875,"N.m.. ",
"BM4_NL",,"20260808 142941",20,"CASE 20 (OPE) W+T1+P1",,20689,20690,-12.79983711242676,102.2946014404297,548.7579345703125,-346.3292541503906,-22.90314292907715,68.51515197753906,152.1385192871094,633.5654296875,-34.95351791381836,77.03047943115234,58.92858123779297,34.95351791381836,22.90314292907715,-58.92858123779297,"N. ",-51.27127838134766,631.22509765625,141.4404296875,38.86541748046875,-633.5654296875,-147.0904846191406,"N.m.. ",
"BM4_NL",,"20260808 142941",20,"CASE 20 (OPE) W+T1+P1",,20690,20698,22.90314292907715,68.51515197753906,152.1385192871094,-633.5654296875,-325.0272216796875,68.51515197753906,166.2057037353516,633.5654296875,-34.95351791381836,-22.90314292907715,58.92858123779297,34.95351791381836,325.0272216796875,-58.92858123779297,"N. ",-38.86541748046875,633.5654296875,147.0904846191406,6.878921508789062,-633.5654296875,-166.0632934570312,"N.m.. ",
"BM4_NL",,"20260808 142941",20,"CASE 20 (OPE) W+T1+P1",,20698,20699,325.0272216796875,68.51515197753906,166.2057037353516,-633.5654296875,-325.2081604003906,282.0029907226562,466.61474609375,447.0791931152344,-34.95351791381836,-325.0272216796875,58.92858123779297,34.95351791381836,424.9608764648438,-58.92858123779297,"N. ",-6.878921508789062,633.5654296875,166.0632934570312,-2.646579265594482,-629.6197509765625,-145.5370483398438,"N.m.. ",
"BM4_NL",,"20260808 142941",20,"CASE 20 (OPE) W+T1+P1",,20699,20700,325.2081604003906,282.0029907226562,466.61474609375,-447.0791931152344,-34.95351791381836,528.1920166015625,624.1077880859375,6.592173099517822,-34.95351791381836,-424.9608764648438,58.92858123779297,34.95351791381836,524.8944702148438,-58.92858123779297,"N. ",2.646579265594482,629.6197509765625,145.5370483398438,-6.592173099517822,-620.0942993164062,-70.66522979736328,"N.m.. ",
"BM4_NL",,"20260808 142941",20,"CASE 20 (OPE) W+T1+P1",,20700,20710,34.95351791381836,528.1920166015625,624.1077880859375,-6.592173099517822,-34.95351791381836,1424.693725585938,1591.154052734375,6.592173099517822,-34.95351791381836,-524.8944702148438,58.92858123779297,34.95351791381836,1423.474487304688,-58.92858123779297,"N. ",6.592173099517822,620.0942993164062,70.66522979736328,-6.592173099517822,-524.9598388671875,1502.061401367188,"N.m.. ",
"BM4_NL",,"20260808 142941",20,"CASE 20 (OPE) W+T1+P1",,20710,20760,212.1989593505859,1329.053344726562,1591.154052734375,-6.592173099517822,-212.1989593505859,425.6951904296875,436.073486328125,6.592173099517822,-212.1989593505859,1327.746337890625,58.92858123779297,212.1989593505859,-421.5967407226562,-58.92858123779297,"N. ",6.592173099517822,524.9598388671875,-1502.061401367188,-6.592173099517822,-429.0238647460938,78.09359741210938,"N.m.. ",
"BM4_NL",,"20260808 142941",20,"CASE 20 (OPE) W+T1+P1",,20295,20296,18302.185546875,6101.33349609375,5098.234375,1397.037841796875,-18302.185546875,6101.33349609375,4586.57275390625,-1397.037841796875,6091.3837890625,18302.185546875,-348.3009643554688,-6091.3837890625,-18302.185546875,348.3009643554688,"N. ",-681.6262817382812,1397.037841796875,-5052.462890625,652.321044921875,-1397.037841796875,4539.94775390625,"N.m.. ",
"BM4_NL",,"20260808 142941",20,"CASE 20 (OPE) W+T1+P1",,20296,21429,18302.185546875,6101.33349609375,4586.57275390625,1397.037841796875,-16530.94140625,7924.08251953125,5392.07763671875,-954.87451171875,6091.3837890625,18302.185546875,-348.3009643554688,-6091.3837890625,-17286.8984375,348.3009643554688,"N. ",-652.321044921875,1397.037841796875,-4539.94775390625,23.32067108154297,-1373.717041015625,-5300.8154296875,"N.m.. ",
"BM4_NL",,"20260808 142941",20,"CASE 20 (OPE) W+T1+P1",,21429,21430,16530.94140625,7924.08251953125,5392.07763671875,954.87451171875,-6091.3837890625,17190.478515625,3206.02978515625,0,6091.3837890625,17286.8984375,-348.3009643554688,-6091.3837890625,-17186.94921875,348.3009643554688,"N. ",-23.32067108154297,1373.717041015625,5300.8154296875,0,-1317.416015625,-2922.848388671875,"N.m.. ",
"BM4_NL",,"20260808 142941",20,"CASE 20 (OPE) W+T1+P1",,21430,21470,6091.3837890625,17190.478515625,3206.02978515625,0,-6091.3837890625,16844.626953125,7728.4873046875,0,6091.3837890625,17186.94921875,-348.3009643554688,-6091.3837890625,-16841.025390625,348.3009643554688,"N. ",0,1317.416015625,2922.848388671875,0,-1100.9814453125,7649.66357421875,"N.m.. ",
"BM4_NL",,"20260808 142941",20,"CASE 20 (OPE) W+T1+P1",,21470,21480,6091.3837890625,2103.094482421875,7728.4873046875,0,-6091.3837890625,3849.526611328125,1687.615478515625,0,6091.3837890625,-2074.05224609375,-348.3009643554688,-6091.3837890625,3833.7373046875,348.3009643554688,"N. ",0,1100.9814453125,-7649.66357421875,0,0,-1687.615478515625,"N.m.. ",
"BM4_NL",,"20260808 142941",20,"CASE 20 (OPE) W+T1+P1",,21480,21550,0,1454.260131835938,1687.615478515625,0,0,725.5579833984375,260.9217529296875,0,0,1454.260131835938,0,0,-725.5579833984375,0,"N. ",0,0,1687.615478515625,0,0,-260.9217529296875,"N.m.. ",
"BM4_NL",,"20260808 142941",20,"CASE 20 (OPE) W+T1+P1",,21550,21560,0,725.5579833984375,260.9217529296875,0,0,529.0366821289062,39.47282028198242,0,0,725.5579833984375,0,0,-529.0366821289062,0,"N. ",0,0,260.9217529296875,0,0,-39.47282028198242,"N.m.. ",
"BM4_NL",,"20260808 142941",20,"CASE 20 (OPE) W+T1+P1",,21560,21580,0,529.0366821289062,39.47282028198242,0,0,0,0,0,0,529.0366821289062,0,0,0,0,"N. ",0,0,39.47282028198242,0,0,0,"N.m.. ","FLANGE_FLG_900"
"BM4_NL",,"20260808 142941",20,"CASE 20 (OPE) W+T1+P1",,20230,21589,0,13594.6748046875,4092.8388671875,-1576.261474609375,-9350.0830078125,9550.1650390625,1618.403686523438,869.0660400390625,-1944.66357421875,13454.8681640625,0,1944.66357421875,-13223.009765625,0,"N. ",4049.69091796875,592.7345581054688,1576.261474609375,-1173.426635742188,-173.6079559326172,-1402.653442382812,"N.m.. ",
"BM4_NL",,"20260808 142941",20,"CASE 20 (OPE) W+T1+P1",,21589,21590,9350.0830078125,9550.1650390625,1618.403686523438,-869.0660400390625,-12991.1513671875,1944.66357421875,983.5266723632812,0,-1944.66357421875,13223.009765625,0,1944.66357421875,-12991.1513671875,0,"N. ",1173.426635742188,173.6079559326172,1402.653442382812,0,0,-983.5266723632812,"N.m.. ",
"BM4_NL",,"20260808 142941",20,"CASE 20 (OPE) W+T1+P1",,21590,21599,12991.1513671875,1944.66357421875,983.5266723632812,0,-6676.44677734375,9426.6162109375,3215.3486328125,0,-1944.66357421875,12991.1513671875,0,1944.66357421875,-11386.5849609375,0,"N. ",0,0,983.5266723632812,0,0,3215.3486328125,"N.m.. ",
"BM4_NL",,"20260808 142941",20,"CASE 20 (OPE) W+T1+P1",,21599,21600,6676.44677734375,9426.6162109375,3215.3486328125,0,1944.66357421875,11154.7265625,5816.71337890625,0,-1944.66357421875,11386.5849609375,0,1944.66357421875,-11154.7265625,0,"N. ",0,0,-3215.3486328125,0,0,5816.71337890625,"N.m.. ",
"BM4_NL",,"20260808 142941",20,"CASE 20 (OPE) W+T1+P1",,21600,21610,-1944.66357421875,11154.7265625,5816.71337890625,0,1944.66357421875,10626.6796875,11754.337890625,0,-1944.66357421875,11154.7265625,0,1944.66357421875,-10626.6796875,0,"N. ",0,0,-5816.71337890625,0,0,11754.337890625,"N.m.. ",
"BM4_NL",,"20260808 142941",20,"CASE 20 (OPE) W+T1+P1",,21610,21640,-1944.66357421875,3135.97021484375,11754.337890625,0,1944.66357421875,6197.4521484375,2996.837890625,0,-1944.66357421875,-3135.97021484375,0,1944.66357421875,6197.4521484375,0,"N. ",0,0,-11754.337890625,0,0,-2996.837890625,"N.m.. ",
"BM4_NL",,"20260808 142941",20,"CASE 20 (OPE) W+T1+P1",,21640,21700,0,2543.24755859375,2996.837890625,0,0,901.5073852539062,77.28186798095703,0,0,2543.24755859375,0,0,-901.5073852539062,0,"N. ",0,0,2996.837890625,0,0,-77.28186798095703,"N.m.. ",
"BM4_NL",,"20260808 142941",20,"CASE 20 (OPE) W+T1+P1",,21700,21710,0,901.5073852539062,77.28186798095703,0,0,0,0,0,0,901.5073852539062,0,0,0,0,"N. ",0,0,77.28186798095703,0,0,0,"N.m.. ","FLANGE_FLG_900"
"BM4_NL",,"20260808 142941",20,"CASE 20 (OPE) W+T1+P1",,20760,21719,212.1989593505859,425.6951904296875,436.073486328125,-6.592173099517822,-108.3785247802734,374.4497680664062,405.2905883789062,-24.6085147857666,-212.1989593505859,421.5967407226562,58.92858123779297,212.1989593505859,-321.648193359375,-58.92858123779297,"N. ",6.592173099517822,429.0238647460938,-78.09359741210938,17.22154998779297,-405.2904968261719,17.58014678955078,"N.m.. ",
"BM4_NL",,"20260808 142941",20,"CASE 20 (OPE) W+T1+P1",,21719,21720,108.3785247802734,374.4497680664062,405.2905883789062,24.6085147857666,58.92858123779297,306.8861999511719,372.0282592773438,1.678374171257019,-212.1989593505859,321.648193359375,58.92858123779297,212.1989593505859,-221.6996459960938,-58.92858123779297,"N. ",-17.22154998779297,405.2904968261719,-17.58014678955078,60.69368743896484,-367.0440063476562,-1.678374171257019,"N.m.. ",
"BM4_NL",,"20260808 142941",20,"CASE 20 (OPE) W+T1+P1",,21720,21730,-58.92858123779297,306.8861999511719,372.0282592773438,-1.678374171257019,58.92858123779297,212.518310546875,297.1590270996094,1.678374171257019,-212.1989593505859,221.6996459960938,58.92858123779297,212.1989593505859,11.64610195159912,-58.92858123779297,"N. ",-60.69368743896484,367.0440063476562,1.678374171257019,104.7177810668945,-278.0965270996094,-1.678374171257019,"N.m.. ",
"BM4_NL",,"20260808 142941",20,"CASE 20 (OPE) W+T1+P1",,21730,21740,-58.92858123779297,212.518310546875,297.1590270996094,-1.678374171257019,58.92858123779297,478.7462768554688,133.4875183105469,1.678374171257019,-212.1989593505859,-11.64610195159912,58.92858123779297,212.1989593505859,429.1498718261719,-58.92858123779297,"N. ",-104.7177810668945,278.0965270996094,1.678374171257019,-60.57675170898438,-118.9511413574219,-1.678374171257019,"N.m.. ",
"BM4_NL",,"20260808 142941",20,"CASE 20 (OPE) W+T1+P1",,21740,21780,-58.92858123779297,3318.34765625,133.4875183105469,-1.678374171257019,58.92858123779297,2874.05078125,2411.07080078125,1.678374171257019,-212.1989593505859,3311.555908203125,58.92858123779297,212.1989593505859,-2866.20654296875,-58.92858123779297,"N. ",60.57675170898438,118.9511413574219,1.678374171257019,2410.535400390625,50.80852890014648,-1.678374171257019,"N.m.. ",
"BM4_NL",,"20260808 142941",20,"CASE 20 (OPE) W+T1+P1",,21780,21783,-58.92858123779297,2874.05078125,2411.07080078125,-1.678374171257019,58.92858123779297,2351.9609375,2792.0908203125,1.678374171257019,-212.1989593505859,2866.20654296875,58.92858123779297,212.1989593505859,-2342.368896484375,-58.92858123779297,"N. ",-2410.535400390625,-50.80852890014648,1.678374171257019,2790.892333984375,81.80024719238281,-1.678374171257019,"N.m.. ","BALL_FLG_900"
"BM4_NL",,"20260808 142941",20,"CASE 20 (OPE) W+T1+P1",,21783,21786,-58.92858123779297,2351.9609375,2792.0908203125,-1.678374171257019,58.92858123779297,2811.29248046875,2657.455322265625,1.678374171257019,-212.1989593505859,2342.368896484375,58.92858123779297,212.1989593505859,2803.2724609375,-58.92858123779297,"N. ",-2790.892333984375,-81.80024719238281,1.678374171257019,2648.9453125,212.5044403076172,-1.678374171257019,"N.m.. ","BALL_FLG_900"
"BM4_NL",,"20260808 142941",20,"CASE 20 (OPE) W+T1+P1",,21786,21790,-58.92858123779297,2811.29248046875,2657.455322265625,-1.678374171257019,58.92858123779297,3333.8701171875,2214.699462890625,1.678374171257019,-212.1989593505859,-2803.2724609375,58.92858123779297,212.1989593505859,3327.110107421875,-58.92858123779297,"N. ",-2648.9453125,-212.5044403076172,1.678374171257019,2201.273193359375,243.4961700439453,-1.678374171257019,"N.m.. ","BALL_FLG_900"
"BM4_NL",,"20260808 142941",20,"CASE 20 (OPE) W+T1+P1",,21790,21800,-58.92858123779297,3333.8701171875,2214.699462890625,-1.678374171257019,58.92858123779297,3778.423095703125,760.6200561523438,1.678374171257019,-212.1989593505859,-3327.110107421875,58.92858123779297,212.1989593505859,3772.459716796875,-58.92858123779297,"N. ",-2201.273193359375,-243.4961700439453,1.678374171257019,-638.5628662109375,413.2558288574219,-1.678374171257019,"N.m.. ",
"BM4_NL",,"20260808 142941",20,"CASE 20 (OPE) W+T1+P1",,21800,21850,-58.92858123779297,212.553955078125,760.6200561523438,-1.678374171257019,58.92858123779297,497.661865234375,1010.273498535156,1.678374171257019,-212.1989593505859,12.27942752838135,58.92858123779297,212.1989593505859,450.1543579101562,-58.92858123779297,"N. ",638.5628662109375,-413.2558288574219,1.678374171257019,-820.4324951171875,589.52783203125,-1.678374171257019,"N.m.. ",
"BM4_NL",,"20260808 142941",20,"CASE 20 (OPE) W+T1+P1",,21850,21860,-58.92858123779297,497.661865234375,1010.273498535156,-1.678374171257019,58.92858123779297,1030.990356445312,1747.822265625,1.678374171257019,-212.1989593505859,-450.1543579101562,58.92858123779297,212.1989593505859,1008.916625976562,-58.92858123779297,"N. ",820.4324951171875,-589.52783203125,1.678374171257019,-1552.690063476562,802.5185546875,-1.678374171257019,"N.m.. ",
"BM4_NL",,"20260808 142941",20,"CASE 20 (OPE) W+T1+P1",,21860,21890,-58.92858123779297,6705.3720703125,1747.822265625,-1.678374171257019,58.92858123779297,6496.74853515625,1165.41796875,1.678374171257019,236.1907196044922,6701.2109375,58.92858123779297,-236.1907196044922,-6492.45361328125,-58.92858123779297,"N. ",1552.690063476562,-802.5185546875,1.678374171257019,921.1292724609375,713.94677734375,-1.678374171257019,"N.m.. ",
"BM4_NL",,"20260808 142941",20,"CASE 20 (OPE) W+T1+P1",,21890,21893,-58.92858123779297,6496.74853515625,1165.41796875,-1.678374171257019,58.92858123779297,5973.28759765625,1953.095825195312,1.678374171257019,236.1907196044922,6492.45361328125,58.92858123779297,-236.1907196044922,-5968.6162109375,-58.92858123779297,"N. ",-921.1292724609375,-713.94677734375,1.678374171257019,1831.100708007812,679.4510498046875,-1.678374171257019,"N.m.. ","BALL_FLG_900"
"BM4_NL",,"20260808 142941",20,"CASE 20 (OPE) W+T1+P1",,21893,21896,-58.92858123779297,5973.28759765625,1953.095825195312,-1.678374171257019,58.92858123779297,1200.489135742188,3349.627685546875,1.678374171257019,236.1907196044922,5968.6162109375,58.92858123779297,-236.1907196044922,1177.025146484375,-58.92858123779297,"N. ",-1831.100708007812,-679.4510498046875,1.678374171257019,3306.79345703125,533.9691162109375,-1.678374171257019,"N.m.. ","BALL_FLG_900"
"BM4_NL",,"20260808 142941",20,"CASE 20 (OPE) W+T1+P1",,21896,21900,-58.92858123779297,1200.489135742188,3349.627685546875,-1.678374171257019,58.92858123779297,1717.183959960938,3136.658203125,1.678374171257019,236.1907196044922,-1177.025146484375,58.92858123779297,-236.1907196044922,1700.862915039062,-58.92858123779297,"N. ",-3306.79345703125,-533.9691162109375,1.678374171257019,3096.635498046875,499.4733581542969,-1.678374171257019,"N.m.. ","BALL_FLG_900"
"BM4_NL",,"20260808 142941",20,"CASE 20 (OPE) W+T1+P1",,21900,21930,-58.92858123779297,1717.183959960938,3136.658203125,-1.678374171257019,58.92858123779297,2824.22900390625,1419.236450195312,1.678374171257019,236.1907196044922,-1700.862915039062,58.92858123779297,-236.1907196044922,2814.33544921875,-58.92858123779297,"N. ",-3096.635498046875,-499.4733581542969,1.678374171257019,-1418.978637695312,27.04846000671387,-1.678374171257019,"N.m.. ",
"BM4_NL",,"20260808 142941",20,"CASE 20 (OPE) W+T1+P1",,21930,21990,917.317138671875,1726.38232421875,1419.236450195312,-1.678374171257019,-917.317138671875,1310.848999023438,323.120849609375,1.678374171257019,236.1907196044922,1710.149047851562,-917.317138671875,-236.1907196044922,-1289.394775390625,917.317138671875,"N. ",1418.978637695312,-27.04846000671387,1.678374171257019,-285.4191284179688,-151.4694976806641,-1.678374171257019,"N.m.. ",
"BM4_NL",,"20260808 142941",20,"CASE 20 (OPE) W+T1+P1",,21990,21993,917.317138671875,1310.848999023438,323.120849609375,-1.678374171257019,-917.317138671875,796.197509765625,228.9408874511719,1.678374171257019,236.1907196044922,1289.394775390625,-917.317138671875,-236.1907196044922,-760.3580932617188,917.317138671875,"N. ",285.4191284179688,151.4694976806641,1.678374171257019,-132.4816741943359,-186.7151184082031,-1.678374171257019,"N.m.. ","FLANGE_FLG_900"
"BM4_NL",,"20260808 142941",20,"CASE 20 (OPE) W+T1+P1",,21993,21996,917.317138671875,796.197509765625,228.9408874511719,-1.678374171257019,-917.317138671875,648.43701171875,224.2159576416016,1.678374171257019,236.1907196044922,760.3580932617188,-917.317138671875,-236.1907196044922,-603.89111328125,917.317138671875,"N. ",132.4816741943359,186.7151184082031,1.678374171257019,-113.8253402709961,-193.1750183105469,-1.678374171257019,"N.m.. ",
"BM4_NL",,"20260808 142941",20,"CASE 20 (OPE) W+T1+P1",,21996,22000,917.317138671875,648.43701171875,224.2159576416016,-1.678374171257019,-917.317138671875,297.8078918457031,242.7953033447266,1.678374171257019,236.1907196044922,603.89111328125,-917.317138671875,-236.1907196044922,181.3931732177734,917.317138671875,"N. ",113.8253402709961,193.1750183105469,1.678374171257019,-82.30165100097656,-228.420654296875,-1.678374171257019,"N.m.. ","FLANGE_FLG_900"
"BM4_NL",,"20260808 142941",20,"CASE 20 (OPE) W+T1+P1",,22000,22010,932.0068969726562,248.0390930175781,234.233154296875,-63.93120193481445,-947.4388427734375,237.1514892578125,264.76025390625,63.93120193481445,236.1907196044922,-181.3931732177734,-917.317138671875,-236.1907196044922,237.958740234375,917.317138671875,"N. ",82.30165100097656,228.420654296875,1.678374171257019,-75.83053588867188,-261.4873962402344,7.698415279388428,"N.m.. ",
"BM4_NL",,"20260808 142941",20,"CASE 20 (OPE) W+T1+P1",,22010,22020,917.317138671875,335.2766418457031,272.2607727050781,7.698415279388428,-917.317138671875,501.2606506347656,612.70751953125,-7.698415279388428,236.1907196044922,-237.958740234375,-917.317138671875,-236.1907196044922,442.1268920898438,917.317138671875,"N. ",75.83053588867188,261.4873962402344,-7.698415279388428,-385.2701721191406,-476.4214477539062,7.698415279388428,"N.m.. ",
"BM4_NL",,"20260808 142941",20,"CASE 20 (OPE) W+T1+P1",,22020,22050,917.317138671875,922.8388061523438,612.70751953125,7.698415279388428,-917.317138671875,682.2897338867188,479.7633972167969,-7.698415279388428,-344.6116638183594,856.0807495117188,-917.317138671875,344.6116638183594,-588.8650512695312,917.317138671875,"N. ",385.2701721191406,476.4214477539062,-7.698415279388428,475.2041015625,-65.98464202880859,7.698415279388428,"N.m.. ",
"BM4_NL",,"20260808 142941",20,"CASE 20 (OPE) W+T1+P1",,22050,22053,917.317138671875,682.2897338867188,479.7633972167969,7.698415279388428,-917.317138671875,553.0912475585938,531.118896484375,-7.698415279388428,-344.6116638183594,588.8650512695312,-917.317138671875,344.6116638183594,-432.6115112304688,917.317138671875,"N. ",-475.2041015625,65.98464202880859,-7.698415279388428,530.33837890625,-28.78373718261719,7.698415279388428,"N.m.. ","BALL_FLG_900"
"BM4_NL",,"20260808 142941",20,"CASE 20 (OPE) W+T1+P1",,22053,22056,917.317138671875,553.0912475585938,531.118896484375,7.698415279388428,-917.317138671875,400.7047119140625,583.98681640625,-7.698415279388428,-344.6116638183594,432.6115112304688,-917.317138671875,344.6116638183594,204.4677581787109,917.317138671875,"N. ",-530.33837890625,28.78373718261719,-7.698415279388428,574.5242309570312,104.7018432617188,7.698415279388428,"N.m.. ","BALL_FLG_900"
"BM4_NL",,"20260808 142941",20,"CASE 20 (OPE) W+T1+P1",,22056,22060,917.317138671875,400.7047119140625,583.98681640625,7.698415279388428,-917.317138671875,498.8757934570312,562.2206420898438,-7.698415279388428,-344.6116638183594,-204.4677581787109,-917.317138671875,344.6116638183594,360.7212829589844,917.317138671875,"N. ",-574.5242309570312,-104.7018432617188,-7.698415279388428,544.01806640625,141.9027404785156,7.698415279388428,"N.m.. ","BALL_FLG_900"
"BM4_NL",,"20260808 142941",20,"CASE 20 (OPE) W+T1+P1",,22060,22070,917.317138671875,498.8757934570312,562.2206420898438,7.698415279388428,-917.317138671875,843.7654418945312,912.2860107421875,-7.698415279388428,-344.6116638183594,-360.7212829589844,-917.317138671875,344.6116638183594,770.1837158203125,917.317138671875,"N. ",-544.01806640625,-141.9027404785156,-7.698415279388428,-487.9460754394531,770.8270874023438,7.698415279388428,"N.m.. ",
"BM4_NL",,"20260808 142941",20,"CASE 20 (OPE) W+T1+P1",,22070,22100,917.317138671875,985.1715087890625,912.2860107421875,7.698415279388428,-917.317138671875,807.2376098632812,1090.204833984375,-7.698415279388428,-344.6116638183594,922.9332275390625,-917.317138671875,344.6116638183594,-729.983154296875,917.317138671875,"N. ",487.9460754394531,-770.8270874023438,-7.698415279388428,222.8095550537109,1067.193725585938,7.698415279388428,"N.m.. ",
"BM4_NL",,"20260808 142941",20,"CASE 20 (OPE) W+T1+P1",,22100,22110,1081.670288085938,568.4124755859375,1052.662231445312,-283.7397155761719,-1066.953979492188,528.0795288085938,1116.066772460938,283.7397155761719,-344.6116638183594,729.983154296875,-917.317138671875,344.6116638183594,-676.0405883789062,917.317138671875,"N. ",-222.8095550537109,-1067.193725585938,-7.698415279388428,285.39599609375,1115.439453125,21.37952423095703,"N.m.. ",
"BM4_NL",,"20260808 142941",20,"CASE 20 (OPE) W+T1+P1",,22110,22115,917.317138671875,758.8070068359375,1151.371337890625,21.37952423095703,-917.317138671875,374.6563110351562,1217.31103515625,-21.37952423095703,-344.6116638183594,676.0405883789062,-917.317138671875,344.6116638183594,-147.0038909912109,917.317138671875,"N. ",-285.39599609375,-1115.439453125,-21.37952423095703,346.8055114746094,1166.8642578125,21.37952423095703,"N.m.. ","FLANGE_FLG_900"
"BM4_NL",,"20260808 142941",20,"CASE 20 (OPE) W+T1+P1",,22115,22120,917.317138671875,374.6563110351562,1217.31103515625,21.37952423095703,-917.317138671875,2944.39794921875,1272.572998046875,-21.37952423095703,-344.6116638183594,147.0038909912109,-917.317138671875,344.6116638183594,2924.161865234375,917.317138671875,"N. ",-346.8055114746094,-1166.8642578125,-21.37952423095703,-71.12290191650391,1270.583984375,21.37952423095703,"N.m.. ",
"BM4_NL",,"20260808 142941",20,"CASE 20 (OPE) W+T1+P1",,22120,22125,344.6116638183594,2750.904052734375,1270.763793945312,-71.12290191650391,-344.6116638183594,1034.146484375,1038.4716796875,71.12290191650391,-344.6116638183594,2593.453857421875,-917.317138671875,344.6116638183594,477.4812316894531,917.317138671875,"N. ",71.12290191650391,-1270.583984375,-21.37952423095703,-71.12290191650391,995.3880004882812,-296.0173034667969,"N.m.. ","BALL_FLG_900"
"BM4_NL",,"20260808 142941",20,"CASE 20 (OPE) W+T1+P1",,22125,22130,344.6116638183594,1034.146484375,1038.4716796875,-71.12290191650391,-344.6116638183594,1361.818359375,878.2695922851562,71.12290191650391,-344.6116638183594,-477.4812316894531,-917.317138671875,344.6116638183594,1006.517944335938,917.317138671875,"N. ",71.12290191650391,-995.3880004882812,296.0173034667969,-71.12290191650391,858.5011596679688,-185.2922210693359,"N.m.. ","FLANGE_FLG_900"
"BM4_NL",,"20260808 142941",20,"CASE 20 (OPE) W+T1+P1",,22130,22140,344.6116638183594,1361.818359375,878.2695922851562,-71.12290191650391,-344.6116638183594,1626.199829101562,606.2125854492188,71.12290191650391,-344.6116638183594,-1006.517944335938,-917.317138671875,344.6116638183594,1342.778930664062,917.317138671875,"N. ",71.12290191650391,-858.5011596679688,185.2922210693359,-71.12290191650391,304.4032287597656,524.2445678710938,"N.m.. ",
"BM4_NL",,"20260808 142941",20,"CASE 20 (OPE) W+T1+P1",,22140,22190,1063.0908203125,1351.048706054688,606.2125854492188,-71.12290191650391,-1063.0908203125,1054.21435546875,488.2287292480469,71.12290191650391,-1063.0908203125,991.898193359375,-917.317138671875,1063.0908203125,-519.5162963867188,917.317138671875,"N. ",71.12290191650391,-304.4032287597656,-524.2445678710938,-71.12290191650391,-473.9974670410156,-117.0200729370117,"N.m.. ",
"BM4_NL",,"20260808 142941",20,"CASE 20 (OPE) W+T1+P1",,22190,22200,1063.0908203125,1054.21435546875,488.2287292480469,-71.12290191650391,-1063.0908203125,920.3016357421875,1258.978149414062,71.12290191650391,-1063.0908203125,519.5162963867188,-917.317138671875,1063.0908203125,-74.05648803710938,917.317138671875,"N. ",71.12290191650391,473.9974670410156,117.0200729370117,-71.12290191650391,-1208.035400390625,-354.5087585449219,"N.m.. ",
"BM4_NL",,"20260808 142941",20,"CASE 20 (OPE) W+T1+P1",,22200,22210,1063.0908203125,920.3016357421875,1258.978149414062,-71.12290191650391,-1063.0908203125,950.5927734375,1767.162841796875,71.12290191650391,-1063.0908203125,74.05648803710938,-917.317138671875,1063.0908203125,249.3109283447266,917.317138671875,"N. ",71.12290191650391,1208.035400390625,354.5087585449219,-71.12290191650391,-1740.886840820312,-303.6078186035156,"N.m.. ",
"BM4_NL",,"20260808 142941",20,"CASE 20 (OPE) W+T1+P1",,22210,22220,1063.0908203125,950.5927734375,1767.162841796875,-71.12290191650391,-1063.0908203125,1227.40771484375,2684.44677734375,71.12290191650391,-1063.0908203125,-249.3109283447266,-917.317138671875,1063.0908203125,815.5115356445312,917.317138671875,"N. ",71.12290191650391,1740.886840820312,303.6078186035156,-71.12290191650391,-2673.884033203125,237.9041290283203,"N.m.. ",
"BM4_NL",,"20260808 142941",20,"CASE 20 (OPE) W+T1+P1",,22220,22249,1063.0908203125,1098.842407226562,2684.44677734375,-71.12290191650391,-1400.360107421875,356.6067810058594,4146.30615234375,59.04168319702148,-1063.0908203125,604.9661254882812,-917.317138671875,1063.0908203125,341.3851623535156,917.317138671875,"N. ",71.12290191650391,2673.884033203125,-237.9041290283203,-91.70285034179688,-4145.7041015625,8.205452919006348,"N.m.. ",
"BM4_NL",,"20260808 142941",20,"CASE 20 (OPE) W+T1+P1",,22249,22250,1400.360107421875,356.6067810058594,4146.30615234375,-59.04168319702148,-917.317138671875,1151.059326171875,4038.27197265625,-33.34067535400391,-1063.0908203125,-341.3851623535156,-917.317138671875,1063.0908203125,441.3337097167969,917.317138671875,"N. ",91.70285034179688,4145.7041015625,-8.205452919006348,-155.4066925048828,-4035.280517578125,33.34067535400391,"N.m.. ",
"BM4_NL",,"20260808 142941",20,"CASE 20 (OPE) W+T1+P1",,22250,22260,917.317138671875,1151.059326171875,4038.27197265625,33.34067535400391,-917.317138671875,1264.283325195312,3593.76123046875,-33.34067535400391,-1063.0908203125,-441.3337097167969,-917.317138671875,1063.0908203125,684.2882080078125,917.317138671875,"N. ",155.4066925048828,4035.280517578125,-33.34067535400391,-401.0346984863281,-3571.31494140625,33.34067535400391,"N.m.. ",
"BM4_NL",,"20260808 142941",20,"CASE 20 (OPE) W+T1+P1",,22260,22310,917.317138671875,1534.31689453125,3593.76123046875,33.34067535400391,-917.317138671875,1684.640991210938,1331.862670898438,-33.34067535400391,-1063.0908203125,1106.330078125,-917.317138671875,1063.0908203125,1306.8486328125,917.317138671875,"N. ",401.0346984863281,3571.31494140625,-33.34067535400391,-835.6493530273438,1037.08642578125,33.34067535400391,"N.m.. ",
"BM4_NL",,"20260808 142941",20,"CASE 20 (OPE) W+T1+P1",,22310,22349,1397.8623046875,1477.373291015625,1331.862670898438,33.34067535400391,-1740.15625,409.4241943359375,3521.644287109375,-48.35198974609375,-1063.0908203125,1025.8994140625,-1397.8623046875,1063.0908203125,334.0523681640625,1397.8623046875,"N. ",835.6493530273438,-1037.08642578125,-33.34067535400391,14.95030498504639,3521.5390625,53.42979049682617,"N.m.. ",
"BM4_NL",,"20260808 142941",20,"CASE 20 (OPE) W+T1+P1",,22349,22350,1740.15625,409.4241943359375,3521.644287109375,48.35198974609375,-1063.0908203125,1463.685668945312,3368.757568359375,9.69394588470459,-1063.0908203125,-334.0523681640625,-1397.8623046875,1063.0908203125,434.0009155273438,1397.8623046875,"N. ",-14.95030498504639,-3521.5390625,-53.42979049682617,-9.69394588470459,3366.761474609375,115.9483184814453,"N.m.. ",
"BM4_NL",,"20260808 142941",20,"CASE 20 (OPE) W+T1+P1",,22350,22360,1063.0908203125,1463.685668945312,3368.757568359375,-9.69394588470459,-1063.0908203125,1600.719604492188,2546.33154296875,9.69394588470459,-1063.0908203125,-434.0009155273438,-1397.8623046875,1063.0908203125,779.9258422851562,1397.8623046875,"N. ",9.69394588470459,-3366.761474609375,-115.9483184814453,-9.69394588470459,2498.12744140625,493.1163635253906,"N.m.. ",
"BM4_NL",,"20260808 142941",20,"CASE 20 (OPE) W+T1+P1",,22360,22370,-1063.0908203125,1600.719604492188,2546.33154296875,9.69394588470459,1063.0908203125,1600.991333007812,2547.553955078125,-9.69394588470459,-1063.0908203125,-779.9258422851562,-1397.8623046875,1063.0908203125,780.4833984375,1397.8623046875,"N. ",9.69394588470459,-2498.12744140625,-493.1163635253906,-9.69394588470459,2499.52734375,492.3349609375,"N.m.. ",
"BM4_NL",,"20260808 142941",20,"CASE 20 (OPE) W+T1+P1",,22370,22380,-1063.0908203125,1738.925659179688,2547.553955078125,9.69394588470459,1063.0908203125,1738.594116210938,2549.1279296875,-9.69394588470459,-1063.0908203125,1034.332275390625,-1397.8623046875,1063.0908203125,-1033.774780273438,1397.8623046875,"N. ",9.69394588470459,-2499.52734375,-492.3349609375,-9.69394588470459,2500.927490234375,493.3705749511719,"N.m.. ",
"BM4_NL",,"20260808 142941",20,"CASE 20 (OPE) W+T1+P1",,22380,22390,-1063.0908203125,1738.594116210938,2549.1279296875,9.69394588470459,1063.0908203125,1738.262573242188,2550.70166015625,-9.69394588470459,-1063.0908203125,1033.774780273438,-1397.8623046875,1063.0908203125,-1033.21728515625,1397.8623046875,"N. ",9.69394588470459,-2500.927490234375,-493.3705749511719,-9.69394588470459,2502.327392578125,494.4055786132812,"N.m.. ",
"BM4_NL",,"20260808 142941",20,"CASE 20 (OPE) W+T1+P1",,22390,22400,1063.0908203125,1738.262573242188,2550.70166015625,-9.69394588470459,-1063.0908203125,1474.708129882812,1299.457885742188,9.69394588470459,-1063.0908203125,1033.21728515625,-1397.8623046875,1063.0908203125,469.8349609375,1397.8623046875,"N. ",9.69394588470459,-2502.327392578125,-494.4055786132812,-9.69394588470459,-1271.907470703125,-266.1618041992188,"N.m.. ",
"BM4_NL",,"20260808 142941",20,"CASE 20 (OPE) W+T1+P1",,22400,22470,1063.0908203125,1474.708129882812,1299.457885742188,-9.69394588470459,-1063.0908203125,1740.897705078125,2744.130126953125,9.69394588470459,-1063.0908203125,-469.8349609375,-1397.8623046875,1063.0908203125,1037.644287109375,1397.8623046875,"N. ",9.69394588470459,1271.907470703125,266.1618041992188,-9.69394588470459,-2697.703369140625,502.6399230957031,"N.m.. ",
"BM4_NL",,"20260808 142941",20,"CASE 20 (OPE) W+T1+P1",,22470,22480,1063.0908203125,1740.897705078125,2744.130126953125,-9.69394588470459,-1063.0908203125,1864.720947265625,3316.652099609375,9.69394588470459,-1063.0908203125,-1037.644287109375,-1397.8623046875,1063.0908203125,1234.165771484375,1397.8623046875,"N. ",9.69394588470459,2697.703369140625,-502.6399230957031,-9.69394588470459,-3191.17822265625,903.6382446289062,"N.m.. ",
"BM4_NL",,"20260808 142941",20,"CASE 20 (OPE) W+T1+P1",,22480,22490,1063.0908203125,1864.720947265625,3316.652099609375,-9.69394588470459,-1063.0908203125,2250.08935546875,3581.790771484375,9.69394588470459,-1063.0908203125,-1234.165771484375,-1397.8623046875,1063.0908203125,1763.202514648438,1397.8623046875,"N. ",9.69394588470459,3191.17822265625,-903.6382446289062,-9.69394588470459,-3399.7744140625,1127.27978515625,"N.m.. ","FLANGE_FLG_900"
